client_id,client_name,client_type,client_city,client_since,tenure_days,invoice_count,total_revenue,avg_invoice_amount,last_invoice_date,recency_days,invoices_per_month,known_outcomes,late_count,late_rate,avg_days_late,open_amount,overdue_amount,instalment_share,quote_count,quote_conversion_rate,credit_note_count
democli00036,Carthago Digital SARL,ENTREPRISE,Ben Arous,2023-12-23,1006,10,89176.998,8917.700,2026-09-15,9,0.420,9,0,0.0000,-4.78,10889.500,0,0.3333,17,0.4667,0
democli00050,Carthago Textile SA,ENTREPRISE,Ben Arous,2024-09-24,730,10,59408.850,5940.885,2026-08-10,45,0.518,10,0,0.0000,0.00,0,0,0.4000,12,0.3333,0
democli00040,Hannibal Logistique SA,ENTREPRISE,Ben Arous,2024-07-30,786,22,128772.078,5853.276,2026-09-13,11,0.937,20,3,0.1500,1.05,2077.245,1915.595,0.1905,14,0.5714,1
democli00044,Kerkenna Textile SARL,ENTREPRISE,Nabeul,2022-09-30,1455,19,73315.776,3858.725,2026-09-20,4,0.831,16,12,0.7500,25.31,12693.832,0,0.1250,17,0.5625,0
democli00055,Oasis Textile SA,ENTREPRISE,Sfax,2023-09-17,1103,29,279483.149,9637.350,2026-07-24,62,1.208,29,24,0.8276,28.26,12671.316,12671.316,0.2857,24,0.3913,2
democli00003,Elyssa Consulting SARL,ENTREPRISE,Sfax,2026-04-14,163,8,25416.600,3177.075,2026-09-03,21,1.509,7,5,0.7143,25.00,3082.700,3082.700,0.0000,4,1.0000,0
democli00031,Cap Bon Immobilier SUARL,ENTREPRISE,Sousse,2023-10-20,1070,23,132391.434,5756.149,2026-09-10,14,0.983,22,7,0.3182,6.91,3313.720,0,0.1364,19,0.5556,1
democli00054,Zitouna Immobilier SUARL,ENTREPRISE,Sousse,2022-09-18,1467,22,224528.721,10205.851,2026-07-01,85,0.921,22,0,0.0000,-1.41,0,0,0.1364,21,0.4762,0
democli00015,Numidia Pharma SARL,ENTREPRISE,Kairouan,2024-04-24,883,6,26760.294,4460.049,2025-12-05,293,0.259,6,2,0.3333,7.17,0,0,0.0000,12,0.0833,1
democli00042,Nour Mejri,PARTICULIER,Ben Arous,2024-06-08,838,69,366004.550,5304.414,2026-09-16,8,2.863,69,10,0.1449,4.81,8390.500,8390.500,0.1618,34,0.8485,2
democli00009,Olfa Mansouri,PARTICULIER,Monastir,2022-08-17,1499,12,58481.507,4873.459,2026-08-22,33,0.521,12,4,0.3333,5.75,0,0,0.1667,11,0.3636,1
democli00016,Ahmed Gharbi,PARTICULIER,Kairouan,2024-03-17,921,11,11305.007,1027.728,2026-07-05,81,0.467,11,0,0.0000,-2.64,0,0,0.1818,18,0.4444,0
democli00020,Youssef Trabelsi,PARTICULIER,Kairouan,2024-08-22,763,24,64731.446,2697.144,2026-09-17,7,0.996,24,3,0.1250,4.38,0,0,0.1250,14,0.5000,0
democli00011,Salammbo Immobilier SA,ENTREPRISE,Ariana,2022-08-29,1487,33,429336.654,13010.202,2026-09-11,13,1.369,32,25,0.7813,29.41,5891.500,0,0.1563,21,0.4762,0
democli00018,Kerkenna Pharma SARL,ENTREPRISE,Bizerte,2024-09-18,736,7,23421.479,3345.926,2026-06-10,106,0.312,7,1,0.1429,0.57,0,0,0.0000,14,0.2308,0
democli00025,Rim Hamdi,PARTICULIER,Kairouan,2023-06-26,1186,34,155656.162,4578.122,2026-09-20,4,1.594,33,2,0.0606,-2.15,276.794,0,0.0909,28,0.5000,0
democli00021,Carthago Industries SUARL,ENTREPRISE,Sfax,2023-03-05,1299,20,85701.584,4285.079,2026-09-15,9,0.909,18,0,0.0000,-2.22,15913.252,0,0.0000,24,0.4348,0
democli00048,Oasis Services SARL,ENTREPRISE,Ariana,2022-06-04,1573,28,185020.154,6607.863,2026-08-26,29,1.210,27,4,0.1481,2.33,4692.781,0,0.4286,23,0.4348,1
democli00034,Numidia Energie SA,ENTREPRISE,Tunis,2022-08-28,1488,21,266773.208,12703.486,2026-09-12,12,0.913,18,5,0.2778,3.89,82615.656,58660.860,0.2778,17,0.6875,1
democli00060,Djerba Logistique SUARL,ENTREPRISE,Kairouan,2022-11-11,1413,20,88147.375,4407.369,2026-07-17,69,0.832,20,1,0.0500,-3.65,0,0,0.1500,18,0.3333,0
democli00027,Numidia Batiment SUARL,ENTREPRISE,Nabeul,2023-03-14,1290,23,246803.766,10730.599,2026-07-15,71,1.001,23,2,0.0870,-1.65,0,0,0.2174,9,0.4444,1
democli00053,Kerkenna Distribution SUARL,ENTREPRISE,Sfax,2024-02-22,945,27,131922.847,4886.031,2026-09-12,12,1.133,26,8,0.3077,6.13,23856.230,7648.940,0.0417,15,0.4667,1
democli00033,Elyssa Immobilier SA,ENTREPRISE,Gabes,2022-07-24,1523,15,132832.020,8855.468,2026-07-28,58,0.647,14,0,0.0000,-2.64,6570.276,0,0.4286,11,0.1818,0
democli00047,Mariem Dridi,PARTICULIER,Gabes,2022-04-20,1618,22,120983.406,5499.246,2026-09-16,8,0.995,21,6,0.2857,9.24,1107.700,0,0.1429,21,0.4286,0
democli00007,Hannibal Textile SUARL,ENTREPRISE,Ariana,2026-04-25,152,3,53363.328,17787.776,2026-09-02,22,0.978,2,2,1.0000,20.50,4073.656,4073.656,0.5000,2,1.0000,0
democli00012,Djerba Transport SA,ENTREPRISE,Nabeul,2024-07-08,808,10,39793.854,3979.385,2026-06-05,111,0.609,10,0,0.0000,-0.50,0,0,0.2000,11,0.0909,0
democli00013,Hannibal Agro SUARL,ENTREPRISE,Ariana,2022-10-26,1429,16,185259.749,11578.734,2026-09-02,22,0.743,14,9,0.6429,21.29,9899.557,0,0.3333,17,0.2941,1
democli00039,Hadrumete Immobilier SUARL,ENTREPRISE,Sousse,2023-10-30,1060,26,509663.574,19602.445,2026-09-07,17,1.089,25,8,0.3200,11.17,26343.072,26343.072,0.2500,15,0.5333,2
democli00037,Elyssa Batiment SARL,ENTREPRISE,Kairouan,2022-06-23,1554,28,386261.732,13795.062,2026-08-22,33,1.230,27,7,0.2593,5.07,5177.500,0,0.1481,21,0.5238,1
democli00028,Oasis Textile SUARL,ENTREPRISE,Sfax,2023-03-23,1281,15,118901.569,7926.771,2026-07-25,61,0.653,15,6,0.4000,6.57,9374.928,9374.928,0.1429,8,0.0000,1
democli00010,Cap Bon Textile SA,ENTREPRISE,Gabes,2023-10-13,1077,27,179973.319,6665.678,2026-09-02,22,1.169,25,20,0.8000,33.27,45638.903,39336.980,0.1818,20,0.6667,0
democli00052,Sahel Batiment SA,ENTREPRISE,Gabes,2023-03-10,1294,17,108498.259,6382.251,2026-07-14,72,0.829,17,11,0.6471,28.88,6600.300,6600.300,0.1250,20,0.3000,0
democli00043,Medina Medical SARL,ENTREPRISE,Ben Arous,2023-01-28,1335,14,32126.436,2294.745,2026-08-04,51,0.666,13,5,0.3846,4.08,1456.418,1456.418,0.2308,23,0.3182,1
democli00032,Medina Textile SA,ENTREPRISE,Ariana,2022-09-02,1483,20,186468.577,9323.429,2026-09-12,12,0.909,18,8,0.4444,6.50,11211.800,0,0.1667,25,0.3333,0
democli00002,Tabarka Consulting SUARL,ENTREPRISE,Sousse,2023-09-15,1105,15,81064.541,5404.303,2026-08-13,42,0.674,15,5,0.3333,2.60,0,0,0.1333,15,0.5714,0
democli00030,Zitouna Consulting SUARL,ENTREPRISE,Sfax,2023-02-25,1307,35,442110.161,12631.719,2026-08-30,25,1.494,33,9,0.2727,5.55,37175.220,34318.220,0.1818,30,0.5667,1
democli00045,Tabarka Agro SA,ENTREPRISE,Kairouan,2024-04-22,885,11,144817.024,13165.184,2026-07-21,65,0.488,11,8,0.7273,13.78,16799.902,16799.902,0.3333,13,0.4615,0
democli00008,Elyssa Immobilier SUARL,ENTREPRISE,Gabes,2023-10-08,1082,24,116403.286,4850.137,2026-08-26,29,1.001,24,8,0.3333,4.42,0,0,0.2500,15,0.4667,2
democli00001,Atlas Immobilier SUARL,ENTREPRISE,Gabes,2022-11-13,1411,9,86377.415,9597.491,2026-09-09,15,0.407,8,5,0.6250,26.00,23913.455,0,0.2500,11,0.3636,1
democli00026,Utique Consulting SUARL,ENTREPRISE,Sfax,2024-03-12,926,29,295819.041,10200.657,2026-09-15,9,1.291,28,9,0.3214,4.32,8878.400,0,0.2500,23,0.6364,0
democli00056,Hichem Khelifi,PARTICULIER,Sfax,2023-07-20,1162,10,81947.039,8194.704,2026-08-27,28,0.418,10,5,0.5000,9.40,0,0,0.2000,11,0.4545,1
democli00057,Oasis Distribution SARL,ENTREPRISE,Tunis,2023-01-23,1340,18,181751.539,10097.308,2026-08-06,49,0.764,18,8,0.4444,8.56,0,0,0.3889,13,0.3846,0
democli00041,Oasis Services SA,ENTREPRISE,Bizerte,2022-07-21,1526,26,334469.870,12864.226,2026-04-01,176,1.140,26,2,0.0769,-1.81,0,0,0.2692,27,0.5769,1
democli00023,Atlas Services SARL,ENTREPRISE,Kairouan,2026-04-26,151,6,36916.420,6152.737,2026-09-22,2,1.241,4,3,0.7500,29.00,19435.700,9140.200,0.0000,2,0.5000,0
democli00035,Mariem Gharbi,PARTICULIER,Sfax,2024-01-14,984,4,10421.570,2605.393,2026-06-12,104,0.275,4,0,0.0000,2.75,0,0,0.2500,6,0.3333,0
democli00022,Hannibal Digital SARL,ENTREPRISE,Monastir,2025-04-22,520,7,61106.927,8729.561,2026-08-13,42,0.673,7,2,0.2857,-3.33,7191.598,7191.598,0.1429,7,0.2857,0
democli00024,Salma Bouazizi,PARTICULIER,Monastir,2023-09-21,1099,15,51901.570,3460.105,2026-08-25,30,0.634,15,5,0.3333,6.47,0,0,0.4000,12,0.3333,0
democli00019,Byrsa Pharma SA,ENTREPRISE,Gabes,2023-07-22,1160,65,1533213.434,23587.899,2026-08-10,45,2.735,63,4,0.0635,-1.95,37177.600,0,0.2222,30,0.8000,1
democli00029,Jasmin Medical SUARL,ENTREPRISE,Ariana,2025-08-09,411,15,208231.442,13882.096,2026-08-08,47,1.111,15,7,0.4667,8.27,0,0,0.2667,13,0.3846,0
democli00038,Kerkenna Consulting SARL,ENTREPRISE,Sfax,2024-01-25,973,20,93656.816,4682.841,2026-08-20,35,0.871,19,0,0.0000,-2.00,6855.400,0,0.1053,23,0.3182,0
democli00005,Djerba Batiment SA,ENTREPRISE,Nabeul,2023-11-15,1044,9,175340.458,19482.273,2026-07-11,75,0.410,9,2,0.2222,1.00,0,0,0.2222,9,0.2222,0
democli00006,Carthago Services SARL,ENTREPRISE,Sousse,2023-05-04,1239,33,173493.485,5257.378,2026-08-22,33,1.379,33,6,0.1818,0.21,0,0,0.2727,21,0.5000,2
democli00046,Hadrumete Medical SA,ENTREPRISE,Gabes,2023-11-03,1056,11,136689.661,12426.333,2026-08-16,39,0.496,10,0,0.0000,-3.20,18565.000,0,0.2000,16,0.3125,0
democli00017,Oasis Agro SARL,ENTREPRISE,Gabes,2023-11-03,1056,10,176915.169,17691.517,2026-08-26,29,0.416,9,1,0.1111,-3.67,36467.500,0,0.3333,16,0.4667,1
democli00049,Oasis Batiment SARL,ENTREPRISE,Kairouan,2024-05-04,873,48,325937.182,6790.358,2026-09-08,16,2.045,46,2,0.0435,-2.48,12781.648,0,0.1739,29,0.7586,3
democli00051,Hadrumete Agro SUARL,ENTREPRISE,Ariana,2024-05-15,862,15,255680.530,17045.369,2026-07-07,79,0.655,15,0,0.0000,-2.33,0,0,0.4000,13,0.3333,0
democli00059,Zitouna Tech SA,ENTREPRISE,Nabeul,2024-04-14,893,27,168764.832,6250.549,2026-09-16,8,1.130,24,3,0.1250,0.00,10194.350,0,0.3333,20,0.7000,1
democli00014,Djerba Industries SA,ENTREPRISE,Monastir,2024-05-21,856,13,104046.251,8003.558,2026-09-15,9,0.549,12,1,0.0833,1.25,18904.150,0,0.3333,14,0.2308,0
democli00058,Medina Services SARL,ENTREPRISE,Bizerte,2022-12-23,1371,6,78611.701,13101.950,2026-06-02,114,0.269,6,0,0.0000,-0.33,0,0,0.1667,14,0.2143,0
democli00004,Thapsus Industries SUARL,ENTREPRISE,Monastir,2022-04-28,1610,10,247107.464,24710.746,2026-09-12,12,0.442,7,7,1.0000,37.83,59658.880,23053.000,0.3333,14,0.1429,1
