month,invoiced_ttc,invoice_count,collected,payment_count
2024-10-01,321215.347,46,60768.842,17
2024-11-01,352821.648,42,208675.450,45
2024-12-01,655272.042,53,332653.863,55
2025-01-01,346218.513,46,445816.615,55
2025-02-01,425817.311,49,435607.439,53
2025-03-01,496265.742,47,554026.932,69
2025-04-01,552992.713,45,445129.962,60
2025-05-01,464792.550,52,468462.302,70
2025-06-01,385966.729,49,558955.796,69
2025-07-01,451477.143,51,369100.874,64
2025-08-01,392995.457,35,380462.588,58
2025-09-01,463355.181,49,318990.070,43
2025-10-01,438342.568,52,497563.967,70
2025-11-01,423347.182,55,471525.749,71
2025-12-01,682201.461,55,498031.632,78
2026-01-01,477476.521,50,452991.338,63
2026-02-01,394678.498,48,519444.133,76
2026-03-01,572810.266,53,494422.104,60
2026-04-01,446505.628,54,528280.675,65
2026-05-01,498963.386,59,549503.340,80
2026-06-01,431316.362,58,491526.486,80
2026-07-01,469278.892,56,429213.434,77
2026-08-01,420315.371,39,420033.586,64
2026-09-01,245053.779,39,250475.174,45
