client_id,segment,cluster
democli00036,RELIABLE,5
democli00050,RELIABLE,5
democli00040,RELIABLE,5
democli00044,SLOW_PAYER,2
democli00055,SLOW_PAYER,2
democli00003,SLOW_PAYER,1
democli00031,OCCASIONAL_LATE,3
democli00054,RELIABLE,5
democli00015,INACTIVE,4
democli00042,KEY_ACCOUNT,0
democli00009,OCCASIONAL_LATE,3
democli00016,INACTIVE,4
democli00020,RELIABLE,5
democli00011,SLOW_PAYER,2
democli00018,INACTIVE,4
democli00025,RELIABLE,5
democli00021,RELIABLE,5
democli00048,RELIABLE,5
democli00034,SLOW_PAYER,1
democli00060,RELIABLE,5
democli00027,RELIABLE,5
democli00053,OCCASIONAL_LATE,3
democli00033,RELIABLE,5
democli00047,OCCASIONAL_LATE,3
democli00007,SLOW_PAYER,2
democli00012,INACTIVE,4
democli00013,SLOW_PAYER,2
democli00039,OCCASIONAL_LATE,3
democli00037,OCCASIONAL_LATE,3
democli00028,OCCASIONAL_LATE,3
democli00010,SLOW_PAYER,1
democli00052,SLOW_PAYER,2
democli00043,OCCASIONAL_LATE,3
democli00032,OCCASIONAL_LATE,3
democli00002,OCCASIONAL_LATE,3
democli00030,OCCASIONAL_LATE,3
democli00045,SLOW_PAYER,1
democli00008,OCCASIONAL_LATE,3
democli00001,SLOW_PAYER,2
democli00026,OCCASIONAL_LATE,3
democli00056,OCCASIONAL_LATE,3
democli00057,OCCASIONAL_LATE,3
democli00041,INACTIVE,4
democli00023,SLOW_PAYER,1
democli00035,INACTIVE,4
democli00022,OCCASIONAL_LATE,3
democli00024,OCCASIONAL_LATE,3
democli00019,KEY_ACCOUNT,0
democli00029,OCCASIONAL_LATE,3
democli00038,RELIABLE,5
democli00005,RELIABLE,5
democli00006,RELIABLE,5
democli00046,RELIABLE,5
democli00017,RELIABLE,5
democli00049,KEY_ACCOUNT,0
democli00051,RELIABLE,5
democli00059,RELIABLE,5
democli00014,RELIABLE,5
democli00058,INACTIVE,4
democli00004,SLOW_PAYER,2
