facture_id,late_probability,risk_level,reasons,predicted_days_late,expected_payment_date,is_anomaly,anomaly_score,anomaly_reasons
demofac00001,,,,,,False,0.3617,[]
demofac00002,,,,,,False,0.45,[]
demofac00003,,,,,,False,0.3703,[]
demofac00004,,,,,,False,0.3954,[]
demofac00005,,,,,,True,0.3617,"[{""code"": ""POSSIBLE_DUPLICATE"", ""values"": {""numero"": ""FAC-2024-0001""}}]"
demofac00006,,,,,,False,0.3937,[]
demofac00007,,,,,,False,0.4626,[]
demofac00008,,,,,,False,0.3808,[]
demofac00009,,,,,,False,0.3845,[]
demofac00010,,,,,,False,0.4537,[]
demofac00011,,,,,,False,0.3673,[]
demofac00012,,,,,,False,0.5726,[]
demofac00013,,,,,,False,0.4853,[]
demofac00014,,,,,,False,0.4505,[]
demofac00015,,,,,,False,0.3943,[]
demofac00016,,,,,,False,0.4279,[]
demofac00017,,,,,,False,0.5079,[]
demofac00018,,,,,,False,0.5734,[]
demofac00019,,,,,,False,0.3894,[]
demofac00020,,,,,,False,0.3814,[]
demofac00021,,,,,,False,0.4733,[]
demofac00022,,,,,,False,0.3582,[]
demofac00023,,,,,,False,0.3993,[]
demofac00024,,,,,,False,0.3693,[]
demofac00025,,,,,,False,0.4241,[]
demofac00026,,,,,,False,0.3652,[]
demofac00027,,,,,,False,0.5192,[]
demofac00028,,,,,,False,0.4616,[]
demofac00029,,,,,,False,0.352,[]
demofac00030,,,,,,False,0.3736,[]
demofac00031,,,,,,False,0.4795,[]
demofac00032,,,,,,False,0.414,[]
demofac00033,,,,,,False,0.4824,[]
demofac00034,,,,,,False,0.4403,[]
demofac00035,,,,,,False,0.536,[]
demofac00036,,,,,,False,0.3581,[]
demofac00037,,,,,,False,0.3519,[]
demofac00038,,,,,,False,0.4166,[]
demofac00039,,,,,,False,0.5523,[]
demofac00040,,,,,,False,0.4663,[]
demofac00041,,,,,,False,0.4611,[]
demofac00042,,,,,,False,0.5002,[]
demofac00043,,,,,,False,0.5715,[]
demofac00044,,,,,,False,0.485,[]
demofac00045,,,,,,False,0.3531,[]
demofac00046,,,,,,False,0.3893,[]
demofac00047,,,,,,False,0.3887,[]
demofac00048,,,,,,False,0.4394,[]
demofac00049,,,,,,False,0.4791,[]
demofac00050,,,,,,False,0.425,[]
demofac00051,,,,,,False,0.3716,[]
demofac00052,,,,,,False,0.379,[]
demofac00053,,,,,,False,0.4151,[]
demofac00054,,,,,,False,0.3743,[]
demofac00055,,,,,,False,0.3664,[]
demofac00056,,,,,,False,0.4631,[]
demofac00057,,,,,,False,0.4149,[]
demofac00058,,,,,,False,0.3779,[]
demofac00059,,,,,,False,0.3725,[]
demofac00060,,,,,,False,0.4095,[]
demofac00061,,,,,,False,0.3814,[]
demofac00062,,,,,,False,0.3674,[]
demofac00063,,,,,,False,0.4,[]
demofac00064,,,,,,False,0.4466,[]
demofac00065,,,,,,False,0.3731,[]
demofac00066,,,,,,False,0.448,[]
demofac00067,,,,,,False,0.4066,[]
demofac00068,,,,,,False,0.3801,[]
demofac00069,,,,,,False,0.3625,[]
demofac00070,,,,,,False,0.4092,[]
demofac00071,,,,,,False,0.3596,[]
demofac00072,,,,,,False,0.4929,[]
demofac00073,,,,,,False,0.4482,[]
demofac00074,,,,,,False,0.3737,[]
demofac00075,,,,,,False,0.3731,[]
demofac00076,,,,,,False,0.4062,[]
demofac00077,,,,,,False,0.4936,[]
demofac00078,,,,,,False,0.5503,[]
demofac00079,,,,,,False,0.3857,[]
demofac00080,,,,,,False,0.3735,[]
demofac00081,,,,,,False,0.5656,[]
demofac00082,,,,,,False,0.3702,[]
demofac00083,,,,,,False,0.4753,[]
demofac00084,,,,,,False,0.4469,[]
demofac00085,,,,,,False,0.3719,[]
demofac00086,,,,,,False,0.4254,[]
demofac00087,,,,,,False,0.375,[]
demofac00088,,,,,,False,0.3705,[]
demofac00089,,,,,,False,0.4486,[]
demofac00090,,,,,,True,0.5309,"[{""code"": ""UNUSUAL_AMOUNT"", ""values"": {""ratio"": 8.7}}]"
demofac00091,,,,,,False,0.3878,[]
demofac00092,,,,,,False,0.3591,[]
demofac00093,,,,,,False,0.5754,[]
demofac00094,,,,,,False,0.5984,[]
demofac00095,,,,,,False,0.397,[]
demofac00096,,,,,,True,0.397,"[{""code"": ""POSSIBLE_DUPLICATE"", ""values"": {""numero"": ""FAC-2024-0095""}}]"
demofac00097,,,,,,False,0.3715,[]
demofac00098,,,,,,False,0.477,[]
demofac00099,,,,,,False,0.3908,[]
demofac00100,,,,,,False,0.3623,[]
demofac00101,,,,,,False,0.4339,[]
demofac00102,,,,,,False,0.4426,[]
demofac00103,,,,,,False,0.3841,[]
demofac00104,,,,,,False,0.5023,[]
demofac00105,,,,,,False,0.4885,[]
demofac00106,,,,,,False,0.3855,[]
demofac00107,,,,,,False,0.371,[]
demofac00109,,,,,,False,0.6322,[]
demofac00110,,,,,,False,0.3819,[]
demofac00111,,,,,,False,0.4463,[]
demofac00112,,,,,,False,0.3789,[]
demofac00113,,,,,,False,0.3714,[]
demofac00114,,,,,,False,0.3757,[]
demofac00115,,,,,,False,0.4641,[]
demofac00116,,,,,,False,0.3571,[]
demofac00117,,,,,,False,0.4101,[]
demofac00118,,,,,,False,0.4909,[]
demofac00119,,,,,,False,0.55,[]
demofac00120,,,,,,False,0.389,[]
demofac00121,,,,,,True,0.6888,"[{""code"": ""UNUSUAL_AMOUNT"", ""values"": {""ratio"": 10.7}}]"
demofac00122,,,,,,False,0.4079,[]
demofac00123,,,,,,False,0.3758,[]
demofac00124,,,,,,False,0.3632,[]
demofac00125,,,,,,False,0.554,[]
demofac00126,,,,,,False,0.4161,[]
demofac00127,,,,,,False,0.4705,[]
demofac00128,,,,,,False,0.4571,[]
demofac00129,,,,,,False,0.4056,[]
demofac00130,,,,,,False,0.3536,[]
demofac00131,,,,,,False,0.5694,[]
demofac00132,,,,,,False,0.3813,[]
demofac00133,,,,,,False,0.3558,[]
demofac00135,,,,,,False,0.3537,[]
demofac00136,,,,,,False,0.5036,[]
demofac00137,,,,,,False,0.3564,[]
demofac00138,,,,,,False,0.4943,[]
demofac00139,,,,,,False,0.5495,[]
demofac00140,,,,,,False,0.39,[]
demofac00141,,,,,,False,0.3787,[]
demofac00142,,,,,,False,0.4487,[]
demofac00143,,,,,,False,0.352,[]
demofac00144,,,,,,False,0.3811,[]
demofac00145,,,,,,False,0.521,[]
demofac00146,,,,,,False,0.422,[]
demofac00147,,,,,,False,0.3684,[]
demofac00148,,,,,,False,0.4662,[]
demofac00149,,,,,,False,0.4179,[]
demofac00150,,,,,,False,0.3554,[]
demofac00151,,,,,,False,0.569,[]
demofac00152,,,,,,False,0.3692,[]
demofac00153,,,,,,False,0.3571,[]
demofac00154,,,,,,False,0.4659,[]
demofac00155,,,,,,False,0.3867,[]
demofac00156,,,,,,False,0.379,[]
demofac00157,,,,,,False,0.4119,[]
demofac00158,,,,,,False,0.4689,[]
demofac00159,,,,,,False,0.366,[]
demofac00160,,,,,,False,0.6072,[]
demofac00161,,,,,,False,0.597,[]
demofac00162,,,,,,False,0.5396,[]
demofac00163,,,,,,False,0.4125,[]
demofac00164,,,,,,False,0.4897,[]
demofac00165,,,,,,False,0.3617,[]
demofac00166,,,,,,False,0.352,[]
demofac00167,,,,,,False,0.4092,[]
demofac00168,,,,,,False,0.3959,[]
demofac00169,,,,,,False,0.384,[]
demofac00170,,,,,,False,0.3544,[]
demofac00172,,,,,,False,0.4049,[]
demofac00173,,,,,,False,0.447,[]
demofac00174,,,,,,False,0.4179,[]
demofac00175,,,,,,False,0.4546,[]
demofac00176,,,,,,False,0.4397,[]
demofac00177,,,,,,False,0.4897,[]
demofac00178,,,,,,False,0.4399,[]
demofac00179,,,,,,False,0.4532,[]
demofac00180,,,,,,False,0.4892,[]
demofac00181,,,,,,False,0.3767,[]
demofac00182,,,,,,False,0.3672,[]
demofac00183,,,,,,False,0.4807,[]
demofac00184,,,,,,False,0.4523,[]
demofac00185,,,,,,False,0.4917,[]
demofac00186,,,,,,False,0.4503,[]
demofac00187,,,,,,False,0.3536,[]
demofac00188,,,,,,False,0.3546,[]
demofac00189,,,,,,False,0.4129,[]
demofac00190,,,,,,False,0.3587,[]
demofac00191,,,,,,False,0.3661,[]
demofac00192,,,,,,False,0.3732,[]
demofac00193,,,,,,False,0.3637,[]
demofac00194,,,,,,False,0.4494,[]
demofac00195,,,,,,False,0.4734,[]
demofac00196,,,,,,False,0.3564,[]
demofac00197,,,,,,False,0.4161,[]
demofac00198,,,,,,False,0.4595,[]
demofac00199,,,,,,False,0.3568,[]
demofac00200,,,,,,False,0.4856,[]
demofac00201,,,,,,False,0.4384,[]
demofac00202,,,,,,True,0.4161,"[{""code"": ""POSSIBLE_DUPLICATE"", ""values"": {""numero"": ""FAC-2025-0054""}}]"
demofac00203,,,,,,False,0.5974,[]
demofac00204,,,,,,False,0.4748,[]
demofac00205,,,,,,False,0.3734,[]
demofac00206,,,,,,False,0.352,[]
demofac00207,,,,,,False,0.452,[]
demofac00208,,,,,,False,0.494,[]
demofac00209,,,,,,False,0.3547,[]
demofac00210,,,,,,False,0.4001,[]
demofac00211,,,,,,False,0.5797,[]
demofac00212,,,,,,False,0.5376,[]
demofac00213,,,,,,False,0.4721,[]
demofac00214,,,,,,False,0.3689,[]
demofac00215,,,,,,False,0.5499,[]
demofac00216,,,,,,False,0.5753,[]
demofac00217,,,,,,False,0.4047,[]
demofac00218,,,,,,False,0.4071,[]
demofac00219,,,,,,False,0.4472,[]
demofac00220,,,,,,False,0.3821,[]
demofac00221,,,,,,False,0.6049,[]
demofac00222,,,,,,False,0.4593,[]
demofac00223,,,,,,False,0.5195,[]
demofac00224,,,,,,False,0.5375,[]
demofac00225,,,,,,False,0.4124,[]
demofac00226,,,,,,False,0.4033,[]
demofac00227,,,,,,False,0.3635,[]
demofac00228,,,,,,False,0.3975,[]
demofac00229,,,,,,False,0.406,[]
demofac00230,,,,,,False,0.3766,[]
demofac00231,,,,,,False,0.3762,[]
demofac00232,,,,,,False,0.405,[]
demofac00233,,,,,,False,0.3755,[]
demofac00234,,,,,,False,0.3875,[]
demofac00235,,,,,,False,0.3971,[]
demofac00236,,,,,,True,0.7123,"[{""code"": ""UNUSUAL_DISCOUNT"", ""values"": {""pct"": 71}}]"
demofac00237,,,,,,False,0.4413,[]
demofac00238,,,,,,False,0.3785,[]
demofac00239,,,,,,False,0.5064,[]
demofac00240,,,,,,False,0.443,[]
demofac00241,,,,,,False,0.3684,[]
demofac00242,,,,,,False,0.4019,[]
demofac00243,,,,,,False,0.5587,[]
demofac00244,,,,,,False,0.4907,[]
demofac00245,,,,,,False,0.3966,[]
demofac00246,,,,,,False,0.3864,[]
demofac00247,,,,,,True,0.6899,"[{""code"": ""UNUSUAL_QUANTITY"", ""values"": {}}]"
demofac00248,,,,,,False,0.4508,[]
demofac00249,,,,,,False,0.4407,[]
demofac00250,,,,,,False,0.4887,[]
demofac00251,,,,,,False,0.3591,[]
demofac00252,,,,,,False,0.3786,[]
demofac00254,,,,,,False,0.5656,[]
demofac00256,,,,,,False,0.4968,[]
demofac00257,,,,,,False,0.3909,[]
demofac00258,,,,,,False,0.3887,[]
demofac00259,,,,,,False,0.367,[]
demofac00260,,,,,,False,0.4184,[]
demofac00261,,,,,,False,0.4231,[]
demofac00262,,,,,,False,0.3705,[]
demofac00263,,,,,,False,0.4713,[]
demofac00264,,,,,,False,0.4676,[]
demofac00265,,,,,,False,0.3593,[]
demofac00266,,,,,,True,0.6868,"[{""code"": ""UNUSUAL_PATTERN"", ""values"": {}}]"
demofac00267,,,,,,False,0.3687,[]
demofac00268,,,,,,False,0.3595,[]
demofac00269,,,,,,False,0.4473,[]
demofac00270,,,,,,False,0.4433,[]
demofac00271,,,,,,False,0.4441,[]
demofac00273,,,,,,False,0.5158,[]
demofac00274,,,,,,False,0.448,[]
demofac00275,,,,,,False,0.3517,[]
demofac00276,,,,,,False,0.3966,[]
demofac00277,,,,,,False,0.5225,[]
demofac00278,,,,,,False,0.462,[]
demofac00279,,,,,,False,0.3782,[]
demofac00280,,,,,,False,0.3775,[]
demofac00281,,,,,,False,0.458,[]
demofac00282,,,,,,False,0.3936,[]
demofac00283,,,,,,False,0.4432,[]
demofac00284,,,,,,False,0.4319,[]
demofac00285,,,,,,False,0.3968,[]
demofac00286,,,,,,False,0.5442,[]
demofac00287,,,,,,False,0.3525,[]
demofac00288,,,,,,False,0.3849,[]
demofac00289,,,,,,False,0.5307,[]
demofac00290,,,,,,False,0.4669,[]
demofac00291,,,,,,False,0.388,[]
demofac00292,,,,,,False,0.5503,[]
demofac00293,,,,,,False,0.4943,[]
demofac00294,,,,,,False,0.4609,[]
demofac00295,,,,,,False,0.4659,[]
demofac00296,,,,,,False,0.5014,[]
demofac00297,,,,,,False,0.4501,[]
demofac00298,,,,,,False,0.3724,[]
demofac00299,,,,,,False,0.4898,[]
demofac00300,,,,,,False,0.373,[]
demofac00301,,,,,,False,0.368,[]
demofac00302,,,,,,False,0.3687,[]
demofac00303,,,,,,False,0.3596,[]
demofac00304,,,,,,False,0.3731,[]
demofac00305,,,,,,False,0.4401,[]
demofac00306,,,,,,False,0.4532,[]
demofac00307,,,,,,False,0.4174,[]
demofac00308,,,,,,False,0.4736,[]
demofac00309,,,,,,False,0.3536,[]
demofac00310,,,,,,False,0.3844,[]
demofac00311,,,,,,False,0.5134,[]
demofac00312,,,,,,False,0.6108,[]
demofac00313,,,,,,False,0.5873,[]
demofac00314,,,,,,False,0.4405,[]
demofac00315,,,,,,False,0.3677,[]
demofac00316,,,,,,False,0.4714,[]
demofac00317,,,,,,False,0.5955,[]
demofac00318,,,,,,False,0.4479,[]
demofac00319,,,,,,False,0.3825,[]
demofac00320,,,,,,False,0.4942,[]
demofac00321,,,,,,False,0.4927,[]
demofac00322,,,,,,False,0.3692,[]
demofac00323,,,,,,False,0.4003,[]
demofac00324,,,,,,False,0.4538,[]
demofac00325,,,,,,False,0.3879,[]
demofac00326,,,,,,False,0.3898,[]
demofac00327,,,,,,False,0.36,[]
demofac00328,,,,,,False,0.4991,[]
demofac00329,,,,,,False,0.455,[]
demofac00330,,,,,,False,0.3537,[]
demofac00331,,,,,,False,0.4182,[]
demofac00332,,,,,,False,0.4426,[]
demofac00333,,,,,,False,0.38,[]
demofac00334,,,,,,False,0.4368,[]
demofac00335,,,,,,False,0.3537,[]
demofac00336,,,,,,False,0.362,[]
demofac00337,,,,,,False,0.4455,[]
demofac00338,,,,,,False,0.4838,[]
demofac00339,,,,,,False,0.4646,[]
demofac00340,,,,,,False,0.4537,[]
demofac00341,,,,,,False,0.3697,[]
demofac00342,,,,,,False,0.3798,[]
demofac00343,,,,,,False,0.3946,[]
demofac00344,,,,,,False,0.4468,[]
demofac00345,,,,,,False,0.5335,[]
demofac00346,,,,,,False,0.5384,[]
demofac00347,,,,,,False,0.4715,[]
demofac00348,,,,,,False,0.4121,[]
demofac00349,,,,,,False,0.3691,[]
demofac00350,,,,,,False,0.6129,[]
demofac00351,,,,,,True,0.3691,"[{""code"": ""POSSIBLE_DUPLICATE"", ""values"": {""numero"": ""FAC-2025-0206""}}]"
demofac00352,,,,,,False,0.4513,[]
demofac00353,,,,,,False,0.3885,[]
demofac00354,,,,,,False,0.454,[]
demofac00355,,,,,,False,0.3649,[]
demofac00356,,,,,,False,0.4487,[]
demofac00357,,,,,,False,0.3553,[]
demofac00358,,,,,,False,0.4658,[]
demofac00359,,,,,,False,0.3817,[]
demofac00360,,,,,,False,0.3892,[]
demofac00361,,,,,,False,0.4106,[]
demofac00362,,,,,,True,0.4426,"[{""code"": ""VAT_MISMATCH"", ""values"": {}}]"
demofac00363,,,,,,False,0.6323,[]
demofac00364,,,,,,False,0.4422,[]
demofac00365,,,,,,False,0.4238,[]
demofac00366,,,,,,False,0.4533,[]
demofac00367,,,,,,False,0.3537,[]
demofac00368,,,,,,False,0.4572,[]
demofac00369,,,,,,False,0.5767,[]
demofac00370,,,,,,False,0.3685,[]
demofac00371,,,,,,False,0.3652,[]
demofac00372,,,,,,False,0.3777,[]
demofac00373,,,,,,False,0.4182,[]
demofac00374,,,,,,False,0.4537,[]
demofac00375,,,,,,False,0.4128,[]
demofac00376,,,,,,False,0.3763,[]
demofac00377,,,,,,False,0.462,[]
demofac00378,,,,,,False,0.4963,[]
demofac00379,,,,,,False,0.3726,[]
demofac00380,,,,,,False,0.3779,[]
demofac00381,,,,,,True,0.6253,"[{""code"": ""UNUSUAL_QUANTITY"", ""values"": {}}]"
demofac00382,,,,,,False,0.4647,[]
demofac00383,,,,,,False,0.386,[]
demofac00384,,,,,,False,0.5028,[]
demofac00385,,,,,,False,0.4454,[]
demofac00386,,,,,,False,0.5227,[]
demofac00387,,,,,,False,0.4047,[]
demofac00388,,,,,,False,0.4283,[]
demofac00389,,,,,,False,0.471,[]
demofac00390,,,,,,False,0.3564,[]
demofac00391,,,,,,False,0.3681,[]
demofac00392,,,,,,False,0.408,[]
demofac00393,,,,,,False,0.4614,[]
demofac00394,,,,,,False,0.355,[]
demofac00395,,,,,,False,0.401,[]
demofac00396,,,,,,False,0.4507,[]
demofac00397,,,,,,False,0.3767,[]
demofac00398,,,,,,False,0.3681,[]
demofac00399,,,,,,False,0.4178,[]
demofac00400,,,,,,False,0.6065,[]
demofac00401,,,,,,False,0.3637,[]
demofac00402,,,,,,False,0.447,[]
demofac00403,,,,,,False,0.4841,[]
demofac00404,,,,,,False,0.3622,[]
demofac00405,,,,,,False,0.3705,[]
demofac00406,,,,,,False,0.3775,[]
demofac00407,,,,,,False,0.3658,[]
demofac00408,,,,,,False,0.3582,[]
demofac00409,,,,,,False,0.4735,[]
demofac00410,,,,,,False,0.3739,[]
demofac00411,,,,,,False,0.4831,[]
demofac00412,,,,,,False,0.3792,[]
demofac00413,,,,,,False,0.5188,[]
demofac00414,,,,,,False,0.3819,[]
demofac00415,,,,,,False,0.4081,[]
demofac00416,,,,,,False,0.3902,[]
demofac00417,,,,,,False,0.3863,[]
demofac00418,,,,,,False,0.422,[]
demofac00419,,,,,,False,0.3634,[]
demofac00420,,,,,,False,0.4186,[]
demofac00421,,,,,,False,0.5149,[]
demofac00422,,,,,,False,0.3968,[]
demofac00424,,,,,,False,0.375,[]
demofac00425,,,,,,True,0.552,"[{""code"": ""UNUSUAL_AMOUNT"", ""values"": {""ratio"": 8.1}}]"
demofac00426,,,,,,False,0.5725,[]
demofac00427,,,,,,False,0.3779,[]
demofac00428,,,,,,False,0.4186,[]
demofac00429,,,,,,False,0.4275,[]
demofac00430,,,,,,False,0.4501,[]
demofac00431,,,,,,False,0.4954,[]
demofac00432,,,,,,False,0.3618,[]
demofac00433,,,,,,False,0.3869,[]
demofac00434,,,,,,False,0.4785,[]
demofac00435,,,,,,False,0.4851,[]
demofac00436,,,,,,False,0.3747,[]
demofac00437,,,,,,False,0.4091,[]
demofac00438,,,,,,False,0.4494,[]
demofac00439,,,,,,False,0.3797,[]
demofac00440,,,,,,False,0.3802,[]
demofac00441,,,,,,False,0.5439,[]
demofac00442,,,,,,False,0.5079,[]
demofac00443,,,,,,False,0.3822,[]
demofac00445,,,,,,False,0.3519,[]
demofac00446,,,,,,False,0.4562,[]
demofac00447,,,,,,False,0.3877,[]
demofac00448,,,,,,False,0.4057,[]
demofac00449,,,,,,False,0.3646,[]
demofac00450,,,,,,False,0.3996,[]
demofac00451,,,,,,False,0.396,[]
demofac00452,,,,,,False,0.5288,[]
demofac00453,,,,,,False,0.4381,[]
demofac00454,,,,,,False,0.3568,[]
demofac00455,,,,,,False,0.4615,[]
demofac00456,,,,,,False,0.4347,[]
demofac00457,,,,,,False,0.3544,[]
demofac00458,,,,,,False,0.6229,[]
demofac00459,,,,,,False,0.4244,[]
demofac00460,,,,,,False,0.3706,[]
demofac00461,,,,,,False,0.3626,[]
demofac00462,,,,,,False,0.3743,[]
demofac00463,,,,,,False,0.3786,[]
demofac00464,,,,,,False,0.3647,[]
demofac00465,,,,,,False,0.4273,[]
demofac00466,,,,,,False,0.469,[]
demofac00467,,,,,,False,0.356,[]
demofac00468,,,,,,False,0.5592,[]
demofac00469,,,,,,False,0.3915,[]
demofac00470,,,,,,False,0.4401,[]
demofac00471,,,,,,False,0.4939,[]
demofac00472,,,,,,False,0.5016,[]
demofac00473,,,,,,False,0.4391,[]
demofac00474,,,,,,False,0.4609,[]
demofac00475,,,,,,False,0.3983,[]
demofac00476,,,,,,False,0.4134,[]
demofac00477,,,,,,False,0.4079,[]
demofac00478,,,,,,False,0.4582,[]
demofac00479,,,,,,False,0.3716,[]
demofac00480,,,,,,False,0.3808,[]
demofac00481,,,,,,False,0.5254,[]
demofac00482,,,,,,False,0.3784,[]
demofac00483,,,,,,False,0.4146,[]
demofac00484,,,,,,False,0.3674,[]
demofac00485,,,,,,False,0.3846,[]
demofac00486,,,,,,False,0.5569,[]
demofac00487,,,,,,False,0.4858,[]
demofac00488,,,,,,False,0.431,[]
demofac00489,,,,,,False,0.3558,[]
demofac00490,,,,,,False,0.4525,[]
demofac00491,,,,,,False,0.4144,[]
demofac00492,,,,,,False,0.3904,[]
demofac00493,,,,,,False,0.4397,[]
demofac00494,,,,,,False,0.3597,[]
demofac00495,,,,,,False,0.486,[]
demofac00496,,,,,,False,0.5678,[]
demofac00497,,,,,,False,0.3999,[]
demofac00498,,,,,,False,0.5296,[]
demofac00499,,,,,,False,0.4183,[]
demofac00500,,,,,,False,0.414,[]
demofac00501,,,,,,False,0.358,[]
demofac00502,,,,,,False,0.4113,[]
demofac00503,,,,,,False,0.5138,[]
demofac00504,,,,,,False,0.3661,[]
demofac00505,,,,,,False,0.4406,[]
demofac00506,,,,,,False,0.3752,[]
demofac00507,,,,,,False,0.5772,[]
demofac00508,,,,,,False,0.3759,[]
demofac00509,,,,,,False,0.4852,[]
demofac00510,,,,,,False,0.3599,[]
demofac00511,,,,,,False,0.4439,[]
demofac00512,,,,,,False,0.424,[]
demofac00513,,,,,,False,0.4178,[]
demofac00514,,,,,,False,0.4751,[]
demofac00515,,,,,,False,0.6298,[]
demofac00516,,,,,,True,0.4584,"[{""code"": ""VAT_MISMATCH"", ""values"": {}}]"
demofac00517,,,,,,False,0.3763,[]
demofac00518,,,,,,False,0.4306,[]
demofac00519,,,,,,False,0.4478,[]
demofac00520,,,,,,False,0.4057,[]
demofac00521,,,,,,False,0.4767,[]
demofac00522,,,,,,False,0.476,[]
demofac00523,,,,,,False,0.4425,[]
demofac00524,,,,,,False,0.4948,[]
demofac00525,,,,,,False,0.4962,[]
demofac00526,,,,,,False,0.4862,[]
demofac00527,,,,,,False,0.4187,[]
demofac00528,,,,,,False,0.525,[]
demofac00529,,,,,,False,0.5494,[]
demofac00530,,,,,,True,0.6332,"[{""code"": ""UNUSUAL_PATTERN"", ""values"": {}}]"
demofac00531,,,,,,False,0.4591,[]
demofac00532,,,,,,False,0.4571,[]
demofac00533,,,,,,False,0.5556,[]
demofac00534,,,,,,False,0.3737,[]
demofac00535,,,,,,False,0.3596,[]
demofac00536,,,,,,False,0.4756,[]
demofac00537,,,,,,False,0.3982,[]
demofac00538,,,,,,False,0.486,[]
demofac00539,,,,,,False,0.4126,[]
demofac00540,,,,,,False,0.4395,[]
demofac00541,,,,,,False,0.3916,[]
demofac00542,,,,,,False,0.3582,[]
demofac00543,,,,,,False,0.3717,[]
demofac00544,,,,,,False,0.4544,[]
demofac00545,,,,,,False,0.4641,[]
demofac00546,,,,,,False,0.4571,[]
demofac00547,,,,,,False,0.5482,[]
demofac00548,,,,,,False,0.4354,[]
demofac00549,,,,,,False,0.4488,[]
demofac00550,,,,,,False,0.5046,[]
demofac00551,,,,,,False,0.5644,[]
demofac00552,,,,,,False,0.3874,[]
demofac00553,,,,,,False,0.3674,[]
demofac00554,,,,,,False,0.3647,[]
demofac00555,,,,,,False,0.37,[]
demofac00556,,,,,,False,0.4628,[]
demofac00557,,,,,,False,0.5062,[]
demofac00558,,,,,,False,0.4489,[]
demofac00559,,,,,,False,0.4019,[]
demofac00560,,,,,,False,0.4459,[]
demofac00561,,,,,,False,0.3618,[]
demofac00562,,,,,,False,0.4715,[]
demofac00563,,,,,,False,0.3923,[]
demofac00564,,,,,,False,0.3819,[]
demofac00565,,,,,,False,0.3551,[]
demofac00566,,,,,,False,0.5949,[]
demofac00567,,,,,,False,0.4909,[]
demofac00568,,,,,,False,0.5351,[]
demofac00569,,,,,,False,0.3753,[]
demofac00570,,,,,,False,0.3761,[]
demofac00572,,,,,,False,0.5381,[]
demofac00573,,,,,,False,0.5226,[]
demofac00574,,,,,,False,0.3738,[]
demofac00575,,,,,,False,0.3784,[]
demofac00576,,,,,,False,0.4563,[]
demofac00577,,,,,,False,0.4594,[]
demofac00578,,,,,,False,0.448,[]
demofac00579,,,,,,False,0.4676,[]
demofac00580,,,,,,False,0.3752,[]
demofac00581,,,,,,False,0.3864,[]
demofac00582,,,,,,False,0.4504,[]
demofac00583,,,,,,False,0.4593,[]
demofac00584,,,,,,False,0.3733,[]
demofac00585,,,,,,False,0.4968,[]
demofac00586,,,,,,False,0.5531,[]
demofac00587,,,,,,True,0.6705,"[{""code"": ""UNUSUAL_PATTERN"", ""values"": {}}]"
demofac00588,,,,,,False,0.3902,[]
demofac00589,,,,,,False,0.4866,[]
demofac00590,,,,,,False,0.4843,[]
demofac00591,,,,,,False,0.4694,[]
demofac00592,,,,,,False,0.39,[]
demofac00593,,,,,,False,0.4548,[]
demofac00594,,,,,,False,0.4833,[]
demofac00595,,,,,,False,0.4097,[]
demofac00596,,,,,,False,0.5508,[]
demofac00597,,,,,,False,0.3807,[]
demofac00598,,,,,,False,0.597,[]
demofac00599,,,,,,False,0.3773,[]
demofac00600,,,,,,False,0.3753,[]
demofac00601,,,,,,False,0.3935,[]
demofac00602,,,,,,False,0.3587,[]
demofac00603,,,,,,False,0.4247,[]
demofac00604,,,,,,False,0.5812,[]
demofac00605,,,,,,False,0.497,[]
demofac00606,,,,,,False,0.5521,[]
demofac00607,,,,,,False,0.3799,[]
demofac00608,,,,,,False,0.4282,[]
demofac00609,,,,,,False,0.3957,[]
demofac00610,,,,,,False,0.4458,[]
demofac00611,,,,,,False,0.352,[]
demofac00612,,,,,,False,0.4702,[]
demofac00613,,,,,,False,0.3636,[]
demofac00614,,,,,,False,0.4542,[]
demofac00615,,,,,,False,0.3659,[]
demofac00616,,,,,,False,0.479,[]
demofac00617,,,,,,False,0.352,[]
demofac00618,,,,,,False,0.3839,[]
demofac00619,,,,,,False,0.3531,[]
demofac00620,,,,,,False,0.4409,[]
demofac00621,,,,,,False,0.4395,[]
demofac00622,,,,,,False,0.3751,[]
demofac00623,,,,,,False,0.4586,[]
demofac00624,,,,,,False,0.5277,[]
demofac00625,,,,,,False,0.378,[]
demofac00626,,,,,,False,0.508,[]
demofac00627,,,,,,False,0.3703,[]
demofac00628,,,,,,False,0.3661,[]
demofac00629,,,,,,False,0.352,[]
demofac00630,,,,,,False,0.6251,[]
demofac00631,,,,,,False,0.4229,[]
demofac00632,,,,,,False,0.4956,[]
demofac00633,,,,,,False,0.3843,[]
demofac00634,,,,,,False,0.4328,[]
demofac00635,,,,,,False,0.3809,[]
demofac00636,,,,,,False,0.4736,[]
demofac00637,,,,,,False,0.4244,[]
demofac00638,,,,,,False,0.352,[]
demofac00639,,,,,,False,0.4537,[]
demofac00640,,,,,,False,0.5705,[]
demofac00641,,,,,,False,0.4538,[]
demofac00642,,,,,,False,0.3791,[]
demofac00643,,,,,,False,0.4449,[]
demofac00644,,,,,,False,0.3743,[]
demofac00645,,,,,,False,0.4508,[]
demofac00646,,,,,,False,0.3659,[]
demofac00647,,,,,,False,0.3815,[]
demofac00648,,,,,,False,0.466,[]
demofac00649,,,,,,False,0.4525,[]
demofac00650,,,,,,False,0.3667,[]
demofac00651,,,,,,False,0.5905,[]
demofac00652,,,,,,False,0.4044,[]
demofac00653,,,,,,False,0.45,[]
demofac00654,,,,,,False,0.4549,[]
demofac00655,,,,,,False,0.392,[]
demofac00656,,,,,,False,0.4218,[]
demofac00657,,,,,,True,0.6332,"[{""code"": ""UNUSUAL_PATTERN"", ""values"": {}}]"
demofac00658,,,,,,False,0.3825,[]
demofac00659,,,,,,False,0.4028,[]
demofac00660,,,,,,False,0.3726,[]
demofac00661,,,,,,False,0.3685,[]
demofac00662,,,,,,False,0.37,[]
demofac00663,,,,,,False,0.419,[]
demofac00664,,,,,,False,0.384,[]
demofac00665,,,,,,False,0.5677,[]
demofac00666,,,,,,False,0.4678,[]
demofac00667,,,,,,False,0.352,[]
demofac00668,,,,,,False,0.5134,[]
demofac00670,,,,,,False,0.4213,[]
demofac00671,,,,,,False,0.3783,[]
demofac00672,,,,,,False,0.4397,[]
demofac00673,,,,,,False,0.3866,[]
demofac00674,,,,,,False,0.3876,[]
demofac00675,,,,,,False,0.3783,[]
demofac00676,,,,,,False,0.3675,[]
demofac00677,,,,,,False,0.3632,[]
demofac00678,,,,,,False,0.3969,[]
demofac00679,,,,,,False,0.4678,[]
demofac00680,,,,,,False,0.3582,[]
demofac00681,,,,,,False,0.433,[]
demofac00682,,,,,,False,0.4132,[]
demofac00683,,,,,,False,0.5071,[]
demofac00684,,,,,,False,0.355,[]
demofac00686,,,,,,False,0.3934,[]
demofac00687,,,,,,False,0.6029,[]
demofac00688,,,,,,False,0.5724,[]
demofac00689,,,,,,False,0.4938,[]
demofac00690,,,,,,False,0.3598,[]
demofac00691,,,,,,False,0.4225,[]
demofac00692,,,,,,False,0.3857,[]
demofac00693,,,,,,False,0.3691,[]
demofac00694,,,,,,False,0.5098,[]
demofac00695,,,,,,False,0.4407,[]
demofac00696,,,,,,False,0.4217,[]
demofac00697,,,,,,False,0.3864,[]
demofac00698,,,,,,False,0.4966,[]
demofac00699,,,,,,False,0.3759,[]
demofac00700,,,,,,False,0.4062,[]
demofac00701,,,,,,False,0.6245,[]
demofac00702,,,,,,False,0.4235,[]
demofac00703,,,,,,False,0.3547,[]
demofac00704,,,,,,False,0.4231,[]
demofac00705,,,,,,False,0.448,[]
demofac00706,,,,,,False,0.4691,[]
demofac00707,,,,,,True,0.658,"[{""code"": ""UNUSUAL_QUANTITY"", ""values"": {}}]"
demofac00708,,,,,,False,0.4471,[]
demofac00709,,,,,,False,0.4375,[]
demofac00710,,,,,,False,0.457,[]
demofac00711,,,,,,False,0.4017,[]
demofac00712,,,,,,False,0.5349,[]
demofac00713,,,,,,False,0.3597,[]
demofac00714,,,,,,False,0.4356,[]
demofac00715,,,,,,False,0.3517,[]
demofac00716,,,,,,False,0.3762,[]
demofac00717,,,,,,False,0.3906,[]
demofac00718,,,,,,False,0.5246,[]
demofac00719,,,,,,False,0.3544,[]
demofac00720,,,,,,False,0.6043,[]
demofac00721,,,,,,False,0.3718,[]
demofac00722,,,,,,False,0.4976,[]
demofac00723,,,,,,False,0.3775,[]
demofac00724,,,,,,False,0.3526,[]
demofac00725,,,,,,False,0.5218,[]
demofac00726,,,,,,False,0.3799,[]
demofac00727,,,,,,False,0.4045,[]
demofac00728,,,,,,False,0.3632,[]
demofac00729,,,,,,False,0.5559,[]
demofac00730,,,,,,False,0.5232,[]
demofac00731,,,,,,False,0.359,[]
demofac00732,,,,,,False,0.4705,[]
demofac00733,,,,,,False,0.3554,[]
demofac00734,,,,,,False,0.412,[]
demofac00735,,,,,,False,0.3801,[]
demofac00736,,,,,,False,0.4285,[]
demofac00737,,,,,,False,0.3616,[]
demofac00738,,,,,,False,0.4142,[]
demofac00739,,,,,,False,0.3713,[]
demofac00740,,,,,,False,0.3672,[]
demofac00741,,,,,,False,0.369,[]
demofac00742,,,,,,False,0.5912,[]
demofac00743,,,,,,False,0.4477,[]
demofac00744,,,,,,False,0.3559,[]
demofac00745,,,,,,False,0.4505,[]
demofac00746,,,,,,False,0.3659,[]
demofac00747,,,,,,False,0.3698,[]
demofac00748,,,,,,False,0.4701,[]
demofac00749,,,,,,False,0.3663,[]
demofac00750,,,,,,False,0.5026,[]
demofac00751,,,,,,False,0.5353,[]
demofac00752,,,,,,False,0.384,[]
demofac00753,,,,,,False,0.5107,[]
demofac00754,,,,,,False,0.3646,[]
demofac00755,,,,,,False,0.3662,[]
demofac00756,,,,,,False,0.435,[]
demofac00757,,,,,,False,0.4522,[]
demofac00758,,,,,,False,0.5723,[]
demofac00759,,,,,,False,0.3938,[]
demofac00760,,,,,,False,0.3722,[]
demofac00761,,,,,,False,0.4322,[]
demofac00762,,,,,,False,0.4363,[]
demofac00763,,,,,,False,0.4037,[]
demofac00764,,,,,,False,0.445,[]
demofac00765,,,,,,False,0.3956,[]
demofac00766,,,,,,False,0.4123,[]
demofac00767,,,,,,False,0.3597,[]
demofac00768,,,,,,False,0.5178,[]
demofac00769,,,,,,False,0.3823,[]
demofac00770,,,,,,False,0.391,[]
demofac00771,,,,,,False,0.4451,[]
demofac00772,,,,,,False,0.3553,[]
demofac00774,,,,,,False,0.4118,[]
demofac00775,,,,,,False,0.3678,[]
demofac00776,,,,,,False,0.3813,[]
demofac00777,,,,,,False,0.3863,[]
demofac00778,,,,,,False,0.384,[]
demofac00779,,,,,,False,0.4102,[]
demofac00780,,,,,,False,0.4413,[]
demofac00782,,,,,,False,0.4182,[]
demofac00783,,,,,,False,0.36,[]
demofac00784,,,,,,False,0.4475,[]
demofac00785,,,,,,False,0.4422,[]
demofac00786,,,,,,False,0.534,[]
demofac00787,,,,,,False,0.418,[]
demofac00788,,,,,,False,0.3799,[]
demofac00789,,,,,,False,0.554,[]
demofac00790,,,,,,False,0.3619,[]
demofac00791,,,,,,False,0.4477,[]
demofac00792,,,,,,False,0.4132,[]
demofac00793,,,,,,False,0.4005,[]
demofac00794,,,,,,False,0.3799,[]
demofac00795,,,,,,False,0.4189,[]
demofac00796,,,,,,False,0.386,[]
demofac00797,,,,,,False,0.3959,[]
demofac00798,,,,,,False,0.3805,[]
demofac00799,,,,,,False,0.428,[]
demofac00800,,,,,,False,0.3747,[]
demofac00801,,,,,,False,0.3526,[]
demofac00803,,,,,,False,0.38,[]
demofac00804,,,,,,False,0.4138,[]
demofac00805,,,,,,False,0.4568,[]
demofac00806,,,,,,False,0.3937,[]
demofac00807,,,,,,False,0.5246,[]
demofac00808,,,,,,False,0.4603,[]
demofac00809,,,,,,False,0.4905,[]
demofac00811,,,,,,False,0.3648,[]
demofac00812,,,,,,False,0.5012,[]
demofac00813,,,,,,False,0.3662,[]
demofac00814,,,,,,False,0.3816,[]
demofac00815,,,,,,False,0.3859,[]
demofac00816,,,,,,False,0.4016,[]
demofac00817,,,,,,False,0.4809,[]
demofac00818,,,,,,False,0.4865,[]
demofac00819,,,,,,False,0.3613,[]
demofac00820,,,,,,False,0.3834,[]
demofac00822,,,,,,False,0.3931,[]
demofac00823,,,,,,False,0.6157,[]
demofac00824,,,,,,False,0.3801,[]
demofac00825,,,,,,True,0.3931,"[{""code"": ""POSSIBLE_DUPLICATE"", ""values"": {""numero"": ""FAC-2026-0085""}}]"
demofac00826,,,,,,False,0.3658,[]
demofac00827,,,,,,False,0.4588,[]
demofac00828,,,,,,False,0.6298,[]
demofac00829,,,,,,False,0.3812,[]
demofac00830,,,,,,False,0.4948,[]
demofac00831,,,,,,False,0.5223,[]
demofac00832,,,,,,False,0.3592,[]
demofac00833,,,,,,False,0.3618,[]
demofac00834,,,,,,False,0.4176,[]
demofac00835,,,,,,False,0.5425,[]
demofac00836,,,,,,False,0.3875,[]
demofac00837,,,,,,False,0.3817,[]
demofac00838,,,,,,False,0.4121,[]
demofac00839,,,,,,False,0.3982,[]
demofac00840,,,,,,False,0.3814,[]
demofac00841,,,,,,False,0.3808,[]
demofac00842,,,,,,False,0.4657,[]
demofac00843,,,,,,False,0.5518,[]
demofac00844,,,,,,True,0.6722,"[{""code"": ""UNUSUAL_QUANTITY"", ""values"": {}}]"
demofac00845,,,,,,False,0.5447,[]
demofac00846,,,,,,False,0.4133,[]
demofac00847,,,,,,False,0.5111,[]
demofac00848,,,,,,False,0.3822,[]
demofac00849,,,,,,False,0.5724,[]
demofac00850,,,,,,False,0.4106,[]
demofac00851,,,,,,False,0.5908,[]
demofac00852,,,,,,False,0.4456,[]
demofac00853,,,,,,False,0.4619,[]
demofac00854,,,,,,False,0.4454,[]
demofac00855,,,,,,False,0.3686,[]
demofac00856,,,,,,False,0.5237,[]
demofac00857,,,,,,False,0.5579,[]
demofac00858,,,,,,False,0.4878,[]
demofac00859,,,,,,False,0.3793,[]
demofac00860,,,,,,False,0.4946,[]
demofac00861,,,,,,True,0.5933,"[{""code"": ""VAT_MISMATCH"", ""values"": {}}]"
demofac00862,,,,,,False,0.3813,[]
demofac00863,,,,,,False,0.4068,[]
demofac00864,,,,,,False,0.4425,[]
demofac00865,,,,,,False,0.4613,[]
demofac00866,,,,,,False,0.4501,[]
demofac00867,,,,,,False,0.3666,[]
demofac00868,,,,,,False,0.3898,[]
demofac00869,,,,,,False,0.3889,[]
demofac00870,,,,,,False,0.3623,[]
demofac00871,,,,,,False,0.381,[]
demofac00872,,,,,,False,0.3651,[]
demofac00873,,,,,,False,0.4478,[]
demofac00874,,,,,,False,0.5145,[]
demofac00875,,,,,,False,0.5355,[]
demofac00876,,,,,,False,0.6308,[]
demofac00877,,,,,,False,0.5443,[]
demofac00878,,,,,,False,0.4797,[]
demofac00879,,,,,,False,0.4271,[]
demofac00880,,,,,,False,0.5781,[]
demofac00881,,,,,,False,0.3558,[]
demofac00882,,,,,,False,0.4004,[]
demofac00883,,,,,,False,0.3808,[]
demofac00884,,,,,,False,0.3544,[]
demofac00885,,,,,,False,0.4175,[]
demofac00886,,,,,,False,0.5901,[]
demofac00887,,,,,,False,0.3998,[]
demofac00888,,,,,,False,0.3811,[]
demofac00889,,,,,,False,0.3763,[]
demofac00890,,,,,,False,0.4402,[]
demofac00891,,,,,,False,0.364,[]
demofac00892,,,,,,True,0.6693,"[{""code"": ""UNUSUAL_PATTERN"", ""values"": {}}]"
demofac00893,,,,,,False,0.3786,[]
demofac00894,,,,,,False,0.3596,[]
demofac00895,,,,,,False,0.3661,[]
demofac00896,,,,,,False,0.4136,[]
demofac00897,,,,,,False,0.5269,[]
demofac00898,,,,,,False,0.4461,[]
demofac00899,,,,,,False,0.5367,[]
demofac00900,,,,,,False,0.3716,[]
demofac00901,,,,,,False,0.387,[]
demofac00902,,,,,,False,0.3601,[]
demofac00903,,,,,,False,0.5132,[]
demofac00904,,,,,,False,0.4651,[]
demofac00905,,,,,,False,0.386,[]
demofac00906,,,,,,False,0.5039,[]
demofac00907,,,,,,False,0.52,[]
demofac00908,,,,,,True,0.53,"[{""code"": ""VAT_MISMATCH"", ""values"": {}}]"
demofac00909,,,,,,False,0.3587,[]
demofac00910,,,,,,False,0.3807,[]
demofac00911,,,,,,False,0.374,[]
demofac00912,,,,,,False,0.4498,[]
demofac00913,,,,,,False,0.4506,[]
demofac00914,,,,,,False,0.4151,[]
demofac00915,,,,,,False,0.3885,[]
demofac00916,,,,,,False,0.3543,[]
demofac00917,,,,,,False,0.4549,[]
demofac00918,,,,,,False,0.3932,[]
demofac00919,,,,,,False,0.4768,[]
demofac00920,,,,,,False,0.4101,[]
demofac00921,,,,,,False,0.3928,[]
demofac00922,,,,,,False,0.4128,[]
demofac00923,,,,,,False,0.4428,[]
demofac00924,,,,,,False,0.4355,[]
demofac00925,,,,,,False,0.3591,[]
demofac00926,,,,,,False,0.3537,[]
demofac00927,,,,,,False,0.542,[]
demofac00928,,,,,,False,0.4411,[]
demofac00929,,,,,,False,0.405,[]
demofac00931,,,,,,False,0.4551,[]
demofac00932,,,,,,False,0.4312,[]
demofac00933,,,,,,False,0.4389,[]
demofac00934,,,,,,False,0.4394,[]
demofac00935,,,,,,False,0.389,[]
demofac00936,,,,,,False,0.4993,[]
demofac00938,,,,,,False,0.5958,[]
demofac00939,,,,,,False,0.3959,[]
demofac00940,,,,,,False,0.3843,[]
demofac00941,,,,,,False,0.352,[]
demofac00942,,,,,,True,0.6751,"[{""code"": ""UNUSUAL_DISCOUNT"", ""values"": {""pct"": 60}}]"
demofac00943,,,,,,False,0.3636,[]
demofac00944,,,,,,False,0.4239,[]
demofac00945,,,,,,False,0.3781,[]
demofac00947,,,,,,False,0.4135,[]
demofac00948,,,,,,False,0.3815,[]
demofac00949,,,,,,False,0.4436,[]
demofac00950,,,,,,False,0.3574,[]
demofac00951,,,,,,False,0.4761,[]
demofac00952,,,,,,False,0.4346,[]
demofac00953,,,,,,False,0.5111,[]
demofac00954,,,,,,False,0.3716,[]
demofac00955,,,,,,False,0.359,[]
demofac00956,,,,,,False,0.3541,[]
demofac00957,,,,,,False,0.4886,[]
demofac00959,,,,,,False,0.3676,[]
demofac00960,,,,,,False,0.4289,[]
demofac00961,,,,,,False,0.3887,[]
demofac00962,,,,,,False,0.4647,[]
demofac00963,,,,,,False,0.5037,[]
demofac00964,,,,,,False,0.4567,[]
demofac00965,,,,,,False,0.4878,[]
demofac00966,,,,,,False,0.4554,[]
demofac00967,,,,,,False,0.3751,[]
demofac00968,,,,,,False,0.375,[]
demofac00969,,,,,,False,0.4113,[]
demofac00970,,,,,,False,0.4652,[]
demofac00971,,,,,,False,0.4738,[]
demofac00972,,,,,,False,0.446,[]
demofac00973,,,,,,False,0.374,[]
demofac00974,,,,,,False,0.4528,[]
demofac00975,,,,,,False,0.3687,[]
demofac00976,,,,,,False,0.4603,[]
demofac00977,,,,,,False,0.535,[]
demofac00978,,,,,,False,0.3592,[]
demofac00979,,,,,,True,0.4603,"[{""code"": ""POSSIBLE_DUPLICATE"", ""values"": {""numero"": ""FAC-2026-0239""}}]"
demofac00980,,,,,,False,0.5365,[]
demofac00981,,,,,,False,0.359,[]
demofac00982,,,,,,False,0.4101,[]
demofac00983,,,,,,True,0.6804,"[{""code"": ""UNUSUAL_DISCOUNT"", ""values"": {""pct"": 84}}]"
demofac00984,,,,,,False,0.3711,[]
demofac00985,,,,,,False,0.539,[]
demofac00986,,,,,,False,0.4983,[]
demofac00987,,,,,,False,0.4392,[]
demofac00988,,,,,,False,0.3537,[]
demofac00989,,,,,,False,0.3591,[]
demofac00990,,,,,,False,0.5349,[]
demofac00991,,,,,,False,0.4116,[]
demofac00992,,,,,,False,0.3688,[]
demofac00993,,,,,,False,0.3841,[]
demofac00994,,,,,,False,0.4244,[]
demofac00995,,,,,,False,0.4745,[]
demofac00996,,,,,,False,0.3612,[]
demofac00997,,,,,,True,0.7082,"[{""code"": ""UNUSUAL_DISCOUNT"", ""values"": {""pct"": 69}}]"
demofac00998,,,,,,False,0.4463,[]
demofac00999,,,,,,False,0.4156,[]
demofac01000,,,,,,False,0.4479,[]
demofac01001,,,,,,False,0.3966,[]
demofac01002,,,,,,False,0.3824,[]
demofac01003,,,,,,True,0.3824,"[{""code"": ""POSSIBLE_DUPLICATE"", ""values"": {""numero"": ""FAC-2026-0265""}}]"
demofac01005,,,,,,False,0.5596,[]
demofac01006,,,,,,False,0.4131,[]
demofac01008,,,,,,False,0.3799,[]
demofac01009,,,,,,False,0.4381,[]
demofac01010,,,,,,False,0.3548,[]
demofac01011,,,,,,False,0.4793,[]
demofac01012,,,,,,False,0.3794,[]
demofac01013,,,,,,False,0.3693,[]
demofac01014,,,,,,False,0.3864,[]
demofac01015,,,,,,False,0.4749,[]
demofac01016,,,,,,False,0.414,[]
demofac01017,,,,,,False,0.4538,[]
demofac01018,,,,,,False,0.3716,[]
demofac01019,,,,,,False,0.3726,[]
demofac01020,,,,,,False,0.4777,[]
demofac01021,,,,,,False,0.4072,[]
demofac01022,,,,,,False,0.368,[]
demofac01023,,,,,,False,0.4828,[]
demofac01025,,,,,,False,0.5177,[]
demofac01026,,,,,,False,0.4192,[]
demofac01027,,,,,,False,0.3536,[]
demofac01028,,,,,,False,0.4083,[]
demofac01029,,,,,,False,0.4149,[]
demofac01030,,,,,,False,0.3776,[]
demofac01031,,,,,,False,0.4077,[]
demofac01032,,,,,,False,0.4369,[]
demofac01033,,,,,,False,0.3586,[]
demofac01034,,,,,,False,0.406,[]
demofac01035,,,,,,False,0.4258,[]
demofac01036,,,,,,False,0.4652,[]
demofac01037,,,,,,False,0.448,[]
demofac01038,,,,,,False,0.3891,[]
demofac01039,,,,,,False,0.5524,[]
demofac01040,,,,,,False,0.3824,[]
demofac01041,,,,,,False,0.4509,[]
demofac01042,,,,,,False,0.5171,[]
demofac01043,,,,,,False,0.4918,[]
demofac01044,,,,,,False,0.387,[]
demofac01045,,,,,,False,0.5285,[]
demofac01046,,,,,,False,0.3726,[]
demofac01047,,,,,,False,0.5004,[]
demofac01048,,,,,,False,0.3664,[]
demofac01049,,,,,,False,0.3733,[]
demofac01050,,,,,,False,0.5151,[]
demofac01051,,,,,,False,0.366,[]
demofac01052,,,,,,True,0.6807,"[{""code"": ""UNUSUAL_DISCOUNT"", ""values"": {""pct"": 73}}]"
demofac01053,,,,,,False,0.4618,[]
demofac01054,,,,,,False,0.3903,[]
demofac01055,,,,,,False,0.3983,[]
demofac01056,,,,,,False,0.4235,[]
demofac01057,,,,,,False,0.4483,[]
demofac01058,,,,,,False,0.3582,[]
demofac01059,,,,,,True,0.6405,"[{""code"": ""UNUSUAL_PATTERN"", ""values"": {}}]"
demofac01060,,,,,,False,0.3659,[]
demofac01061,,,,,,False,0.3928,[]
demofac01062,,,,,,False,0.4646,[]
demofac01063,,,,,,True,0.6613,"[{""code"": ""UNUSUAL_DISCOUNT"", ""values"": {""pct"": 69}}]"
demofac01064,,,,,,False,0.4936,[]
demofac01065,,,,,,False,0.3558,[]
demofac01066,,,,,,False,0.4538,[]
demofac01067,,,,,,False,0.4394,[]
demofac01068,,,,,,False,0.4344,[]
demofac01069,,,,,,False,0.5954,[]
demofac01070,,,,,,False,0.3873,[]
demofac01071,,,,,,True,0.46,"[{""code"": ""VAT_MISMATCH"", ""values"": {}}]"
demofac01072,,,,,,False,0.5193,[]
demofac01073,,,,,,False,0.3613,[]
demofac01074,,,,,,False,0.5482,[]
demofac01075,,,,,,False,0.4671,[]
demofac01076,,,,,,False,0.6192,[]
demofac01077,,,,,,False,0.4728,[]
demofac01078,,,,,,False,0.4526,[]
demofac01079,,,,,,False,0.5958,[]
demofac01080,,,,,,False,0.3701,[]
demofac01081,,,,,,False,0.5045,[]
demofac01082,,,,,,False,0.5698,[]
demofac01083,,,,,,False,0.352,[]
demofac01084,,,,,,False,0.5352,[]
demofac01085,,,,,,False,0.3528,[]
demofac01086,,,,,,False,0.3807,[]
demofac01087,,,,,,False,0.3551,[]
demofac01088,,,,,,False,0.3668,[]
demofac01089,,,,,,False,0.5637,[]
demofac01090,,,,,,False,0.3998,[]
demofac01091,,,,,,False,0.3832,[]
demofac01092,,,,,,False,0.3755,[]
demofac01093,,,,,,False,0.3743,[]
demofac01094,,,,,,False,0.3721,[]
demofac01095,,,,,,False,0.4999,[]
demofac01096,,,,,,False,0.5005,[]
demofac01097,,,,,,False,0.3544,[]
demofac01098,,,,,,False,0.5712,[]
demofac01100,,,,,,False,0.3598,[]
demofac01101,,,,,,False,0.3599,[]
demofac01102,,,,,,False,0.3622,[]
demofac01103,,,,,,False,0.4444,[]
demofac01104,,,,,,False,0.4218,[]
demofac01105,,,,,,False,0.4956,[]
demofac01106,,,,,,False,0.3728,[]
demofac01107,,,,,,False,0.352,[]
demofac01108,,,,,,False,0.4718,[]
demofac01109,,,,,,False,0.3704,[]
demofac01110,,,,,,False,0.4835,[]
demofac01111,0.0849,LOW,"[{""code"": ""OPEN_BALANCE"", ""values"": {""count"": 3, ""amount"": 36224.655}}]",0,2026-09-25,False,0.4445,[]
demofac01112,,,,,,False,0.4059,[]
demofac01113,,,,,,False,0.3935,[]
demofac01114,,,,,,False,0.3617,[]
demofac01115,,,,,,False,0.4176,[]
demofac01116,,,,,,False,0.3726,[]
demofac01117,,,,,,False,0.4687,[]
demofac01118,,,,,,False,0.381,[]
demofac01119,,,,,,False,0.4046,[]
demofac01120,,,,,,False,0.3801,[]
demofac01121,,,,,,False,0.3936,[]
demofac01122,0.0145,LOW,[],2,2026-09-28,False,0.3712,[]
demofac01123,,,,,,False,0.3676,[]
demofac01124,,,,,,False,0.532,[]
demofac01125,0.7529,HIGH,"[{""code"": ""CLIENT_AVG_DELAY"", ""values"": {""days"": 32}}, {""code"": ""CLIENT_LATE_HISTORY"", ""values"": {""late"": 18, ""known"": 23, ""rate"": 78}}, {""code"": ""OPEN_BALANCE"", ""values"": {""count"": 6, ""amount"": 73636.986}}]",17,2026-10-14,False,0.5391,[]
demofac01126,,,,,,False,0.4464,[]
demofac01127,,,,,,False,0.4022,[]
demofac01128,,,,,,False,0.3685,[]
demofac01129,0.3911,MEDIUM,"[{""code"": ""CLIENT_LATE_HISTORY"", ""values"": {""late"": 9, ""known"": 13, ""rate"": 69}}, {""code"": ""CLIENT_AVG_DELAY"", ""values"": {""days"": 24}}]",15,2026-10-15,False,0.4333,[]
demofac01130,,,,,,False,0.4185,[]
demofac01131,,,,,,False,0.3582,[]
demofac01132,,,,,,False,0.3573,[]
demofac01133,0.0425,LOW,[],1,2026-09-25,False,0.4591,[]
demofac01134,,,,,,False,0.4134,[]
demofac01135,,,,,,False,0.3809,[]
demofac01136,,,,,,False,0.3757,[]
demofac01137,0.0289,LOW,"[{""code"": ""OPEN_BALANCE"", ""values"": {""count"": 4, ""amount"": 90692.342}}]",-4,2026-10-04,False,0.5354,[]
demofac01138,0.0133,LOW,"[{""code"": ""LARGE_AMOUNT"", ""values"": {""ratio"": 1.5}}, {""code"": ""OPEN_BALANCE"", ""values"": {""count"": 5, ""amount"": 91692.942}}]",-3,2026-10-06,False,0.3799,[]
demofac01139,,,,,,False,0.365,[]
demofac01140,,,,,,False,0.4147,[]
demofac01141,,,,,,False,0.3736,[]
demofac01142,,,,,,False,0.405,[]
demofac01143,,,,,,False,0.4419,[]
demofac01144,0.0496,LOW,[],0,2026-09-28,False,0.3585,[]
demofac01145,,,,,,False,0.3747,[]
demofac01146,,,,,,False,0.5536,[]
demofac01147,0.0091,LOW,"[{""code"": ""LARGE_AMOUNT"", ""values"": {""ratio"": 1.6}}]",-1,2026-10-14,False,0.4025,[]
demofac01148,,,,,,False,0.38,[]
demofac01149,0.864,HIGH,"[{""code"": ""CLIENT_AVG_DELAY"", ""values"": {""days"": 38}}, {""code"": ""CLIENT_LATE_HISTORY"", ""values"": {""late"": 7, ""known"": 7, ""rate"": 100}}, {""code"": ""OPEN_BALANCE"", ""values"": {""count"": 1, ""amount"": 23053.0}}]",30,2026-10-31,False,0.3961,[]
demofac01150,0.2345,LOW,"[{""code"": ""LARGE_AMOUNT"", ""values"": {""ratio"": 2.8}}]",2,2026-09-25,False,0.4234,[]
demofac01151,,,,,,False,0.5487,[]
demofac01152,0.0083,LOW,[],-1,2026-10-03,False,0.379,[]
demofac01153,0.1025,LOW,[],1,2026-10-07,False,0.4676,[]
demofac01154,,,,,,False,0.432,[]
demofac01155,,,,,,False,0.3647,[]
demofac01156,,,,,,False,0.3959,[]
demofac01157,0.1799,LOW,"[{""code"": ""LARGE_AMOUNT"", ""values"": {""ratio"": 5.7}}]",3,2026-09-26,True,0.6627,"[{""code"": ""UNUSUAL_PATTERN"", ""values"": {}}]"
demofac01158,,,,,,False,0.4343,[]
demofac01159,,,,,,False,0.55,[]
demofac01160,,,,,,False,0.3761,[]
demofac01161,0.0751,LOW,"[{""code"": ""LARGE_AMOUNT"", ""values"": {""ratio"": 2.3}}]",2,2026-09-27,False,0.5186,[]
demofac01162,0.0664,LOW,"[{""code"": ""LARGE_AMOUNT"", ""values"": {""ratio"": 2.3}}]",0,2026-10-10,False,0.5535,[]
demofac01163,,,,,,False,0.3576,[]
demofac01164,,,,,,False,0.3675,[]
demofac01165,0.2228,LOW,"[{""code"": ""OPEN_BALANCE"", ""values"": {""count"": 1, ""amount"": 34318.22}}]",2,2026-10-01,False,0.4427,[]
demofac01166,,,,,,False,0.3979,[]
demofac01167,0.0202,LOW,[],-1,2026-09-28,False,0.6104,[]
demofac01168,0.1425,LOW,"[{""code"": ""QUARTER_END"", ""values"": {}}, {""code"": ""CLIENT_LATE_HISTORY"", ""values"": {""late"": 8, ""known"": 18, ""rate"": 44}}]",0,2026-10-01,False,0.4432,[]
demofac01169,0.6372,HIGH,"[{""code"": ""CLIENT_AVG_DELAY"", ""values"": {""days"": 33}}, {""code"": ""CLIENT_LATE_HISTORY"", ""values"": {""late"": 20, ""known"": 25, ""rate"": 80}}, {""code"": ""QUARTER_END"", ""values"": {}}]",17,2026-11-18,False,0.3656,[]
demofac01170,0.7117,HIGH,"[{""code"": ""CLIENT_LATE_HISTORY"", ""values"": {""late"": 2, ""known"": 2, ""rate"": 100}}, {""code"": ""CLIENT_AVG_DELAY"", ""values"": {""days"": 20}}, {""code"": ""QUARTER_END"", ""values"": {}}]",22,2026-10-09,False,0.5382,[]
demofac01171,0.5224,HIGH,"[{""code"": ""CLIENT_LATE_HISTORY"", ""values"": {""late"": 9, ""known"": 14, ""rate"": 64}}, {""code"": ""CLIENT_AVG_DELAY"", ""values"": {""days"": 21}}, {""code"": ""QUARTER_END"", ""values"": {}}]",13,2026-11-14,False,0.4613,[]
demofac01172,0.8007,HIGH,"[{""code"": ""CLIENT_AVG_DELAY"", ""values"": {""days"": 25}}, {""code"": ""CLIENT_LATE_HISTORY"", ""values"": {""late"": 5, ""known"": 7, ""rate"": 71}}, {""code"": ""QUARTER_END"", ""values"": {}}]",16,2026-10-04,False,0.4661,[]
demofac01173,0.1164,LOW,"[{""code"": ""QUARTER_END"", ""values"": {}}]",-2,2026-10-17,False,0.4288,[]
demofac01174,,,,,,False,0.4179,[]
demofac01175,0.0922,LOW,"[{""code"": ""QUARTER_END"", ""values"": {}}, {""code"": ""LARGE_AMOUNT"", ""values"": {""ratio"": 1.8}}]",-2,2026-10-03,False,0.4578,[]
demofac01176,,,,,,False,0.4719,[]
demofac01177,,,,,,False,0.3823,[]
demofac01178,0.1875,LOW,"[{""code"": ""QUARTER_END"", ""values"": {}}, {""code"": ""CLIENT_AVG_DELAY"", ""values"": {""days"": 11}}, {""code"": ""SHORT_TERMS"", ""values"": {""days"": 15}}]",4,2026-09-26,False,0.4054,[]
demofac01179,0.8215,HIGH,"[{""code"": ""CLIENT_AVG_DELAY"", ""values"": {""days"": 38}}, {""code"": ""CLIENT_LATE_HISTORY"", ""values"": {""late"": 7, ""known"": 7, ""rate"": 100}}, {""code"": ""QUARTER_END"", ""values"": {}}]",21,2026-11-13,False,0.4377,[]
demofac01180,0.776,HIGH,"[{""code"": ""CLIENT_LATE_HISTORY"", ""values"": {""late"": 12, ""known"": 16, ""rate"": 75}}, {""code"": ""CLIENT_AVG_DELAY"", ""values"": {""days"": 26}}, {""code"": ""QUARTER_END"", ""values"": {}}]",16,2026-10-24,False,0.3571,[]
demofac01181,0.4183,MEDIUM,"[{""code"": ""QUARTER_END"", ""values"": {}}, {""code"": ""LARGE_AMOUNT"", ""values"": {""ratio"": 1.4}}, {""code"": ""OPEN_BALANCE"", ""values"": {""count"": 1, ""amount"": 58660.86}}]",7,2026-10-15,False,0.4645,[]
demofac01182,0.7438,HIGH,"[{""code"": ""CLIENT_LATE_HISTORY"", ""values"": {""late"": 12, ""known"": 16, ""rate"": 75}}, {""code"": ""CLIENT_AVG_DELAY"", ""values"": {""days"": 26}}, {""code"": ""QUARTER_END"", ""values"": {}}]",15,2026-10-23,False,0.5768,[]
demofac01183,0.0453,LOW,"[{""code"": ""QUARTER_END"", ""values"": {}}, {""code"": ""OPEN_BALANCE"", ""values"": {""count"": 3, ""amount"": 20090.2}}]",-7,2026-10-01,False,0.5249,[]
demofac01184,0.9417,HIGH,"[{""code"": ""CLIENT_AVG_DELAY"", ""values"": {""days"": 26}}, {""code"": ""CLIENT_LATE_HISTORY"", ""values"": {""late"": 5, ""known"": 8, ""rate"": 62}}, {""code"": ""LARGE_AMOUNT"", ""values"": {""ratio"": 3.1}}]",24,2026-11-02,False,0.4917,[]
demofac01185,0.155,LOW,"[{""code"": ""QUARTER_END"", ""values"": {}}, {""code"": ""SHORT_TERMS"", ""values"": {""days"": 15}}]",2,2026-09-27,False,0.3801,[]
demofac01186,,,,,,False,0.3597,[]
demofac01187,0.5953,HIGH,"[{""code"": ""CLIENT_LATE_HISTORY"", ""values"": {""late"": 25, ""known"": 32, ""rate"": 78}}, {""code"": ""CLIENT_AVG_DELAY"", ""values"": {""days"": 29}}, {""code"": ""QUARTER_END"", ""values"": {}}]",12,2026-10-23,False,0.3593,[]
demofac01188,0.1654,LOW,"[{""code"": ""QUARTER_END"", ""values"": {}}, {""code"": ""CLIENT_LATE_HISTORY"", ""values"": {""late"": 8, ""known"": 18, ""rate"": 44}}]",2,2026-10-14,False,0.4517,[]
demofac01189,0.3467,MEDIUM,"[{""code"": ""QUARTER_END"", ""values"": {}}, {""code"": ""LARGE_AMOUNT"", ""values"": {""ratio"": 3.6}}]",4,2026-10-16,False,0.4485,[]
demofac01190,0.2316,LOW,"[{""code"": ""QUARTER_END"", ""values"": {}}, {""code"": ""OPEN_BALANCE"", ""values"": {""count"": 2, ""amount"": 77057.356}}]",5,2026-10-17,False,0.3748,[]
demofac01191,0.7947,HIGH,"[{""code"": ""CLIENT_AVG_DELAY"", ""values"": {""days"": 38}}, {""code"": ""CLIENT_LATE_HISTORY"", ""values"": {""late"": 7, ""known"": 7, ""rate"": 100}}, {""code"": ""QUARTER_END"", ""values"": {}}]",23,2026-11-19,False,0.5398,[]
demofac01192,0.1225,LOW,"[{""code"": ""QUARTER_END"", ""values"": {}}]",-1,2026-11-11,False,0.5713,[]
demofac01193,,,,,,False,0.4416,[]
demofac01194,0.0329,LOW,"[{""code"": ""QUARTER_END"", ""values"": {}}]",2,2026-11-01,False,0.3887,[]
demofac01195,0.2899,MEDIUM,"[{""code"": ""QUARTER_END"", ""values"": {}}]",4,2026-10-19,False,0.3763,[]
demofac01196,0.0118,LOW,"[{""code"": ""QUARTER_END"", ""values"": {}}, {""code"": ""LARGE_AMOUNT"", ""values"": {""ratio"": 4.1}}]",1,2026-10-16,False,0.5677,[]
demofac01197,0.3784,MEDIUM,"[{""code"": ""QUARTER_END"", ""values"": {}}, {""code"": ""LARGE_AMOUNT"", ""values"": {""ratio"": 2.7}}, {""code"": ""SHORT_TERMS"", ""values"": {""days"": 15}}]",-1,2026-09-29,False,0.3753,[]
demofac01198,0.0976,LOW,"[{""code"": ""QUARTER_END"", ""values"": {}}]",0,2026-10-31,False,0.3591,[]
demofac01199,0.1961,LOW,"[{""code"": ""QUARTER_END"", ""values"": {}}, {""code"": ""CLIENT_AVG_DELAY"", ""values"": {""days"": 9}}]",0,2026-10-16,False,0.4277,[]
demofac01200,,,,,,False,0.3763,[]
demofac01201,,,,,,True,0.4285,"[{""code"": ""VAT_MISMATCH"", ""values"": {}}]"
demofac01202,,,,,,False,0.3864,[]
demofac01203,0.7663,HIGH,"[{""code"": ""CLIENT_AVG_DELAY"", ""values"": {""days"": 29}}, {""code"": ""CLIENT_LATE_HISTORY"", ""values"": {""late"": 3, ""known"": 4, ""rate"": 75}}, {""code"": ""QUARTER_END"", ""values"": {}}]",16,2026-11-03,False,0.3779,[]
demofac01205,0.4419,MEDIUM,"[{""code"": ""CLIENT_LATE_HISTORY"", ""values"": {""late"": 12, ""known"": 16, ""rate"": 75}}, {""code"": ""CLIENT_AVG_DELAY"", ""values"": {""days"": 25}}, {""code"": ""QUARTER_END"", ""values"": {}}]",13,2026-11-02,False,0.4594,[]
demofac01206,0.0234,LOW,"[{""code"": ""QUARTER_END"", ""values"": {}}, {""code"": ""SHORT_TERMS"", ""values"": {""days"": 15}}]",-4,2026-10-01,False,0.5836,[]
demofac01210,0.6778,HIGH,"[{""code"": ""CLIENT_AVG_DELAY"", ""values"": {""days"": 29}}, {""code"": ""CLIENT_LATE_HISTORY"", ""values"": {""late"": 3, ""known"": 4, ""rate"": 75}}, {""code"": ""QUARTER_END"", ""values"": {}}]",15,2026-11-06,False,0.3522,[]
