id,numero,annee,dateEmission,motif,sousTotalHT,totalTva,totalTTC,createdAt,updatedAt,clientId,factureOrigineId,createdById,statut
demoavo00001,AV-2024-0001,2024,2024-11-14 10:00:00,Remise commerciale accordee apres facturation,2400.000,456.000,2856.000,2024-11-14 10:00:00,2026-09-23 23:58:33.622,democli00042,demofac00036,cmuerhq5v0000ucvpy660gnw1,APPLIQUE
demoavo00002,AV-2025-0001,2025,2025-01-05 10:00:00,Erreur de quantite facturee,2700.000,513.000,3213.000,2025-01-05 10:00:00,2026-09-23 23:58:33.622,democli00001,demofac00088,cmuerhq5v0000ucvpy660gnw1,APPLIQUE
demoavo00003,AV-2025-0002,2025,2025-01-12 10:00:00,Retour partiel de marchandise,460.000,87.400,547.400,2025-01-12 10:00:00,2026-09-23 23:58:33.622,democli00017,demofac00094,cmuerhq5v0000ucvpy660gnw1,APPLIQUE
demoavo00004,AV-2025-0003,2025,2025-01-18 10:00:00,Geste commercial suite a reclamation,95.000,18.050,113.050,2025-01-18 10:00:00,2026-09-23 23:58:33.622,democli00042,demofac00128,cmuerhq5v0000ucvpy660gnw1,REMBOURSE
demoavo00005,AV-2025-0004,2025,2025-02-06 10:00:00,Erreur de quantite facturee,150.000,28.500,178.500,2025-02-06 10:00:00,2026-09-23 23:58:33.622,democli00008,demofac00147,cmuerhq5v0000ucvpy660gnw1,APPLIQUE
demoavo00006,AV-2025-0006,2025,2025-04-07 10:00:00,Geste commercial suite a reclamation,620.000,117.800,737.800,2025-04-07 10:00:00,2026-09-23 23:58:33.622,democli00034,demofac00239,cmuerhq5v0000ucvpy660gnw1,APPLIQUE
demoavo00007,AV-2025-0005,2025,2025-03-12 10:00:00,Retour partiel de marchandise,980.000,186.200,1166.200,2025-03-12 10:00:00,2026-09-23 23:58:33.622,democli00009,demofac00245,cmuerhq5v0000ucvpy660gnw1,EMIS
demoavo00008,AV-2025-0007,2025,2025-04-17 10:00:00,Prestation partiellement non realisee,1800.000,342.000,2142.000,2025-04-17 10:00:00,2026-09-23 23:58:33.622,democli00048,demofac00251,cmuerhq5v0000ucvpy660gnw1,APPLIQUE
demoavo00009,AV-2025-0009,2025,2025-04-30 10:00:00,Prestation partiellement non realisee,310.000,58.900,368.900,2025-04-30 10:00:00,2026-09-23 23:58:33.622,democli00006,demofac00278,cmuerhq5v0000ucvpy660gnw1,APPLIQUE
demoavo00010,AV-2025-0008,2025,2025-04-19 10:00:00,Retour partiel de marchandise,4500.000,855.000,5355.000,2025-04-19 10:00:00,2026-09-23 23:58:33.622,democli00055,demofac00279,cmuerhq5v0000ucvpy660gnw1,APPLIQUE
demoavo00011,AV-2025-0010,2025,2025-06-02 10:00:00,Erreur de quantite facturee,190.000,36.100,226.100,2025-06-02 10:00:00,2026-09-23 23:58:33.622,democli00039,demofac00332,cmuerhq5v0000ucvpy660gnw1,APPLIQUE
demoavo00012,AV-2025-0011,2025,2025-06-06 10:00:00,Erreur de quantite facturee,3200.000,608.000,3808.000,2025-06-06 10:00:00,2026-09-23 23:58:33.622,democli00055,demofac00379,cmuerhq5v0000ucvpy660gnw1,APPLIQUE
demoavo00013,AV-2025-0012,2025,2025-07-11 10:00:00,Geste commercial suite a reclamation,2436.000,316.680,2752.680,2025-07-11 10:00:00,2026-09-23 23:58:33.622,democli00039,demofac00412,cmuerhq5v0000ucvpy660gnw1,REMBOURSE
demoavo00014,AV-2025-0013,2025,2025-07-24 10:00:00,Erreur de quantite facturee,1800.000,342.000,2142.000,2025-07-24 10:00:00,2026-09-23 23:58:33.622,democli00041,demofac00439,cmuerhq5v0000ucvpy660gnw1,APPLIQUE
demoavo00015,AV-2025-0014,2025,2025-08-02 10:00:00,Remise commerciale accordee apres facturation,930.000,176.700,1106.700,2025-08-02 10:00:00,2026-09-23 23:58:33.622,democli00056,demofac00440,cmuerhq5v0000ucvpy660gnw1,EMIS
demoavo00016,AV-2025-0015,2025,2025-08-12 10:00:00,Prestation partiellement non realisee,690.000,131.100,821.100,2025-08-12 10:00:00,2026-09-23 23:58:33.622,democli00015,demofac00457,cmuerhq5v0000ucvpy660gnw1,APPLIQUE
demoavo00017,AV-2025-0016,2025,2025-09-16 10:00:00,Remise commerciale accordee apres facturation,540.000,102.600,642.600,2025-09-16 10:00:00,2026-09-23 23:58:33.622,democli00043,demofac00505,cmuerhq5v0000ucvpy660gnw1,APPLIQUE
demoavo00018,AV-2025-0017,2025,2025-10-02 10:00:00,Prestation partiellement non realisee,544.000,70.720,614.720,2025-10-02 10:00:00,2026-09-23 23:58:33.622,democli00059,demofac00550,cmuerhq5v0000ucvpy660gnw1,REMBOURSE
demoavo00019,AV-2025-0018,2025,2025-11-01 10:00:00,Retour partiel de marchandise,686.800,130.492,817.292,2025-11-01 10:00:00,2026-09-23 23:58:33.622,democli00013,demofac00614,cmuerhq5v0000ucvpy660gnw1,APPLIQUE
demoavo00020,AV-2025-0019,2025,2025-11-27 10:00:00,Geste commercial suite a reclamation,120.000,22.800,142.800,2025-11-27 10:00:00,2026-09-23 23:58:33.622,democli00031,demofac00633,cmuerhq5v0000ucvpy660gnw1,REMBOURSE
demoavo00021,AV-2025-0020,2025,2025-12-27 10:00:00,Geste commercial suite a reclamation,510.000,96.900,606.900,2025-12-27 10:00:00,2026-09-23 23:58:33.622,democli00049,demofac00665,cmuerhq5v0000ucvpy660gnw1,APPLIQUE
demoavo00022,AV-2026-0001,2026,2026-01-22 10:00:00,Erreur de quantite facturee,5358.000,1018.020,6376.020,2026-01-22 10:00:00,2026-09-23 23:58:33.622,democli00019,demofac00726,cmuerhq5v0000ucvpy660gnw1,REMBOURSE
demoavo00023,AV-2026-0003,2026,2026-02-20 10:00:00,Prestation partiellement non realisee,2030.000,385.700,2415.700,2026-02-20 10:00:00,2026-09-23 23:58:33.622,democli00008,demofac00777,cmuerhq5v0000ucvpy660gnw1,REMBOURSE
demoavo00024,AV-2026-0004,2026,2026-02-26 10:00:00,Geste commercial suite a reclamation,45.000,8.550,53.550,2026-02-26 10:00:00,2026-09-23 23:58:33.622,democli00028,demofac00799,cmuerhq5v0000ucvpy660gnw1,APPLIQUE
demoavo00025,AV-2026-0002,2026,2026-02-13 10:00:00,Erreur de quantite facturee,2400.000,456.000,2856.000,2026-02-13 10:00:00,2026-09-23 23:58:33.622,democli00030,demofac00806,cmuerhq5v0000ucvpy660gnw1,REMBOURSE
demoavo00026,AV-2026-0005,2026,2026-03-19 10:00:00,Remise commerciale accordee apres facturation,120.000,22.800,142.800,2026-03-19 10:00:00,2026-09-23 23:58:33.622,democli00049,demofac00858,cmuerhq5v0000ucvpy660gnw1,REMBOURSE
demoavo00027,AV-2026-0006,2026,2026-04-10 10:00:00,Retour partiel de marchandise,126.000,16.380,142.380,2026-04-10 10:00:00,2026-09-23 23:58:33.622,democli00004,demofac00892,cmuerhq5v0000ucvpy660gnw1,REMBOURSE
demoavo00028,AV-2026-0007,2026,2026-06-17 10:00:00,Erreur de quantite facturee,12000.000,2280.000,14280.000,2026-06-17 10:00:00,2026-09-23 23:58:33.622,democli00027,demofac00975,cmuerhq5v0000ucvpy660gnw1,APPLIQUE
demoavo00029,AV-2026-0008,2026,2026-06-24 10:00:00,Erreur de quantite facturee,1800.000,342.000,2142.000,2026-06-24 10:00:00,2026-09-23 23:58:33.622,democli00040,demofac01009,cmuerhq5v0000ucvpy660gnw1,EMIS
demoavo00030,AV-2026-0010,2026,2026-07-08 10:00:00,Retour partiel de marchandise,4500.000,855.000,5355.000,2026-07-08 10:00:00,2026-09-23 23:58:33.622,democli00049,demofac01017,cmuerhq5v0000ucvpy660gnw1,APPLIQUE
demoavo00031,AV-2026-0009,2026,2026-06-29 10:00:00,Remise commerciale accordee apres facturation,145.000,27.550,172.550,2026-06-29 10:00:00,2026-09-23 23:58:33.622,democli00037,demofac01059,cmuerhq5v0000ucvpy660gnw1,REMBOURSE
demoavo00032,AV-2026-0011,2026,2026-07-26 10:00:00,Remise commerciale accordee apres facturation,380.000,72.200,452.200,2026-07-26 10:00:00,2026-09-23 23:58:33.622,democli00053,demofac01064,cmuerhq5v0000ucvpy660gnw1,REMBOURSE
demoavo00033,AV-2026-0012,2026,2026-09-23 10:00:00,Remise commerciale accordee apres facturation,460.000,87.400,547.400,2026-09-23 10:00:00,2026-09-23 23:58:33.622,democli00006,demofac01151,cmuerhq5v0000ucvpy660gnw1,APPLIQUE
