clientId,segment,modelVersion,scoredAt
democli00001,SLOW_PAYER,v20260924-075317,2026-09-24 07:53:17
democli00002,OCCASIONAL_LATE,v20260924-075317,2026-09-24 07:53:17
democli00003,SLOW_PAYER,v20260924-075317,2026-09-24 07:53:17
democli00004,SLOW_PAYER,v20260924-075317,2026-09-24 07:53:17
democli00005,RELIABLE,v20260924-075317,2026-09-24 07:53:17
democli00006,RELIABLE,v20260924-075317,2026-09-24 07:53:17
democli00007,SLOW_PAYER,v20260924-075317,2026-09-24 07:53:17
democli00008,OCCASIONAL_LATE,v20260924-075317,2026-09-24 07:53:17
democli00009,OCCASIONAL_LATE,v20260924-075317,2026-09-24 07:53:17
democli00010,SLOW_PAYER,v20260924-075317,2026-09-24 07:53:17
democli00011,SLOW_PAYER,v20260924-075317,2026-09-24 07:53:17
democli00012,INACTIVE,v20260924-075317,2026-09-24 07:53:17
democli00013,SLOW_PAYER,v20260924-075317,2026-09-24 07:53:17
democli00014,RELIABLE,v20260924-075317,2026-09-24 07:53:17
democli00015,INACTIVE,v20260924-075317,2026-09-24 07:53:17
democli00016,INACTIVE,v20260924-075317,2026-09-24 07:53:17
democli00017,RELIABLE,v20260924-075317,2026-09-24 07:53:17
democli00018,INACTIVE,v20260924-075317,2026-09-24 07:53:17
democli00019,KEY_ACCOUNT,v20260924-075317,2026-09-24 07:53:17
democli00020,RELIABLE,v20260924-075317,2026-09-24 07:53:17
democli00021,RELIABLE,v20260924-075317,2026-09-24 07:53:17
democli00022,OCCASIONAL_LATE,v20260924-075317,2026-09-24 07:53:17
democli00023,SLOW_PAYER,v20260924-075317,2026-09-24 07:53:17
democli00024,OCCASIONAL_LATE,v20260924-075317,2026-09-24 07:53:17
democli00025,RELIABLE,v20260924-075317,2026-09-24 07:53:17
democli00026,OCCASIONAL_LATE,v20260924-075317,2026-09-24 07:53:17
democli00027,RELIABLE,v20260924-075317,2026-09-24 07:53:17
democli00028,OCCASIONAL_LATE,v20260924-075317,2026-09-24 07:53:17
democli00029,OCCASIONAL_LATE,v20260924-075317,2026-09-24 07:53:17
democli00030,OCCASIONAL_LATE,v20260924-075317,2026-09-24 07:53:17
democli00031,OCCASIONAL_LATE,v20260924-075317,2026-09-24 07:53:17
democli00032,OCCASIONAL_LATE,v20260924-075317,2026-09-24 07:53:17
democli00033,RELIABLE,v20260924-075317,2026-09-24 07:53:17
democli00034,SLOW_PAYER,v20260924-075317,2026-09-24 07:53:17
democli00035,INACTIVE,v20260924-075317,2026-09-24 07:53:17
democli00036,RELIABLE,v20260924-075317,2026-09-24 07:53:17
democli00037,OCCASIONAL_LATE,v20260924-075317,2026-09-24 07:53:17
democli00038,RELIABLE,v20260924-075317,2026-09-24 07:53:17
democli00039,OCCASIONAL_LATE,v20260924-075317,2026-09-24 07:53:17
democli00040,RELIABLE,v20260924-075317,2026-09-24 07:53:17
democli00041,INACTIVE,v20260924-075317,2026-09-24 07:53:17
democli00042,KEY_ACCOUNT,v20260924-075317,2026-09-24 07:53:17
democli00043,OCCASIONAL_LATE,v20260924-075317,2026-09-24 07:53:17
democli00044,SLOW_PAYER,v20260924-075317,2026-09-24 07:53:17
democli00045,SLOW_PAYER,v20260924-075317,2026-09-24 07:53:17
democli00046,RELIABLE,v20260924-075317,2026-09-24 07:53:17
democli00047,OCCASIONAL_LATE,v20260924-075317,2026-09-24 07:53:17
democli00048,RELIABLE,v20260924-075317,2026-09-24 07:53:17
democli00049,KEY_ACCOUNT,v20260924-075317,2026-09-24 07:53:17
democli00050,RELIABLE,v20260924-075317,2026-09-24 07:53:17
democli00051,RELIABLE,v20260924-075317,2026-09-24 07:53:17
democli00052,SLOW_PAYER,v20260924-075317,2026-09-24 07:53:17
democli00053,OCCASIONAL_LATE,v20260924-075317,2026-09-24 07:53:17
democli00054,RELIABLE,v20260924-075317,2026-09-24 07:53:17
democli00055,SLOW_PAYER,v20260924-075317,2026-09-24 07:53:17
democli00056,OCCASIONAL_LATE,v20260924-075317,2026-09-24 07:53:17
democli00057,OCCASIONAL_LATE,v20260924-075317,2026-09-24 07:53:17
democli00058,INACTIVE,v20260924-075317,2026-09-24 07:53:17
democli00059,RELIABLE,v20260924-075317,2026-09-24 07:53:17
democli00060,RELIABLE,v20260924-075317,2026-09-24 07:53:17
