factureId,lateProbability,riskLevel,reasons,predictedDaysLate,expectedPaymentDate,isAnomaly,anomalyScore,anomalyReasons,modelVersion,scoredAt
demofac00001,,,,,,f,0.3617,[],v20260924-075317,2026-09-24 07:53:17
demofac00002,,,,,,f,0.4500,[],v20260924-075317,2026-09-24 07:53:17
demofac00003,,,,,,f,0.3703,[],v20260924-075317,2026-09-24 07:53:17
demofac00004,,,,,,f,0.3954,[],v20260924-075317,2026-09-24 07:53:17
demofac00005,,,,,,t,0.3617,"[{""code"": ""POSSIBLE_DUPLICATE"", ""values"": {""numero"": ""FAC-2024-0001""}}]",v20260924-075317,2026-09-24 07:53:17
demofac00006,,,,,,f,0.3937,[],v20260924-075317,2026-09-24 07:53:17
demofac00007,,,,,,f,0.4626,[],v20260924-075317,2026-09-24 07:53:17
demofac00008,,,,,,f,0.3808,[],v20260924-075317,2026-09-24 07:53:17
demofac00009,,,,,,f,0.3845,[],v20260924-075317,2026-09-24 07:53:17
demofac00010,,,,,,f,0.4537,[],v20260924-075317,2026-09-24 07:53:17
demofac00011,,,,,,f,0.3673,[],v20260924-075317,2026-09-24 07:53:17
demofac00012,,,,,,f,0.5726,[],v20260924-075317,2026-09-24 07:53:17
demofac00013,,,,,,f,0.4853,[],v20260924-075317,2026-09-24 07:53:17
demofac00014,,,,,,f,0.4505,[],v20260924-075317,2026-09-24 07:53:17
demofac00015,,,,,,f,0.3943,[],v20260924-075317,2026-09-24 07:53:17
demofac00016,,,,,,f,0.4279,[],v20260924-075317,2026-09-24 07:53:17
demofac00017,,,,,,f,0.5079,[],v20260924-075317,2026-09-24 07:53:17
demofac00018,,,,,,f,0.5734,[],v20260924-075317,2026-09-24 07:53:17
demofac00019,,,,,,f,0.3894,[],v20260924-075317,2026-09-24 07:53:17
demofac00020,,,,,,f,0.3814,[],v20260924-075317,2026-09-24 07:53:17
demofac00021,,,,,,f,0.4733,[],v20260924-075317,2026-09-24 07:53:17
demofac00022,,,,,,f,0.3582,[],v20260924-075317,2026-09-24 07:53:17
demofac00023,,,,,,f,0.3993,[],v20260924-075317,2026-09-24 07:53:17
demofac00024,,,,,,f,0.3693,[],v20260924-075317,2026-09-24 07:53:17
demofac00025,,,,,,f,0.4241,[],v20260924-075317,2026-09-24 07:53:17
demofac00026,,,,,,f,0.3652,[],v20260924-075317,2026-09-24 07:53:17
demofac00027,,,,,,f,0.5192,[],v20260924-075317,2026-09-24 07:53:17
demofac00028,,,,,,f,0.4616,[],v20260924-075317,2026-09-24 07:53:17
demofac00029,,,,,,f,0.3520,[],v20260924-075317,2026-09-24 07:53:17
demofac00030,,,,,,f,0.3736,[],v20260924-075317,2026-09-24 07:53:17
demofac00031,,,,,,f,0.4795,[],v20260924-075317,2026-09-24 07:53:17
demofac00032,,,,,,f,0.4140,[],v20260924-075317,2026-09-24 07:53:17
demofac00033,,,,,,f,0.4824,[],v20260924-075317,2026-09-24 07:53:17
demofac00034,,,,,,f,0.4403,[],v20260924-075317,2026-09-24 07:53:17
demofac00035,,,,,,f,0.5360,[],v20260924-075317,2026-09-24 07:53:17
demofac00036,,,,,,f,0.3581,[],v20260924-075317,2026-09-24 07:53:17
demofac00037,,,,,,f,0.3519,[],v20260924-075317,2026-09-24 07:53:17
demofac00038,,,,,,f,0.4166,[],v20260924-075317,2026-09-24 07:53:17
demofac00039,,,,,,f,0.5523,[],v20260924-075317,2026-09-24 07:53:17
demofac00040,,,,,,f,0.4663,[],v20260924-075317,2026-09-24 07:53:17
demofac00041,,,,,,f,0.4611,[],v20260924-075317,2026-09-24 07:53:17
demofac00042,,,,,,f,0.5002,[],v20260924-075317,2026-09-24 07:53:17
demofac00043,,,,,,f,0.5715,[],v20260924-075317,2026-09-24 07:53:17
demofac00044,,,,,,f,0.4850,[],v20260924-075317,2026-09-24 07:53:17
demofac00045,,,,,,f,0.3531,[],v20260924-075317,2026-09-24 07:53:17
demofac00046,,,,,,f,0.3893,[],v20260924-075317,2026-09-24 07:53:17
demofac00047,,,,,,f,0.3887,[],v20260924-075317,2026-09-24 07:53:17
demofac00048,,,,,,f,0.4394,[],v20260924-075317,2026-09-24 07:53:17
demofac00049,,,,,,f,0.4791,[],v20260924-075317,2026-09-24 07:53:17
demofac00050,,,,,,f,0.4250,[],v20260924-075317,2026-09-24 07:53:17
demofac00051,,,,,,f,0.3716,[],v20260924-075317,2026-09-24 07:53:17
demofac00052,,,,,,f,0.3790,[],v20260924-075317,2026-09-24 07:53:17
demofac00053,,,,,,f,0.4151,[],v20260924-075317,2026-09-24 07:53:17
demofac00054,,,,,,f,0.3743,[],v20260924-075317,2026-09-24 07:53:17
demofac00055,,,,,,f,0.3664,[],v20260924-075317,2026-09-24 07:53:17
demofac00056,,,,,,f,0.4631,[],v20260924-075317,2026-09-24 07:53:17
demofac00057,,,,,,f,0.4149,[],v20260924-075317,2026-09-24 07:53:17
demofac00058,,,,,,f,0.3779,[],v20260924-075317,2026-09-24 07:53:17
demofac00059,,,,,,f,0.3725,[],v20260924-075317,2026-09-24 07:53:17
demofac00060,,,,,,f,0.4095,[],v20260924-075317,2026-09-24 07:53:17
demofac00061,,,,,,f,0.3814,[],v20260924-075317,2026-09-24 07:53:17
demofac00062,,,,,,f,0.3674,[],v20260924-075317,2026-09-24 07:53:17
demofac00063,,,,,,f,0.4000,[],v20260924-075317,2026-09-24 07:53:17
demofac00064,,,,,,f,0.4466,[],v20260924-075317,2026-09-24 07:53:17
demofac00065,,,,,,f,0.3731,[],v20260924-075317,2026-09-24 07:53:17
demofac00066,,,,,,f,0.4480,[],v20260924-075317,2026-09-24 07:53:17
demofac00067,,,,,,f,0.4066,[],v20260924-075317,2026-09-24 07:53:17
demofac00068,,,,,,f,0.3801,[],v20260924-075317,2026-09-24 07:53:17
demofac00069,,,,,,f,0.3625,[],v20260924-075317,2026-09-24 07:53:17
demofac00070,,,,,,f,0.4092,[],v20260924-075317,2026-09-24 07:53:17
demofac00071,,,,,,f,0.3596,[],v20260924-075317,2026-09-24 07:53:17
demofac00072,,,,,,f,0.4929,[],v20260924-075317,2026-09-24 07:53:17
demofac00073,,,,,,f,0.4482,[],v20260924-075317,2026-09-24 07:53:17
demofac00074,,,,,,f,0.3737,[],v20260924-075317,2026-09-24 07:53:17
demofac00075,,,,,,f,0.3731,[],v20260924-075317,2026-09-24 07:53:17
demofac00076,,,,,,f,0.4062,[],v20260924-075317,2026-09-24 07:53:17
demofac00077,,,,,,f,0.4936,[],v20260924-075317,2026-09-24 07:53:17
demofac00078,,,,,,f,0.5503,[],v20260924-075317,2026-09-24 07:53:17
demofac00079,,,,,,f,0.3857,[],v20260924-075317,2026-09-24 07:53:17
demofac00080,,,,,,f,0.3735,[],v20260924-075317,2026-09-24 07:53:17
demofac00081,,,,,,f,0.5656,[],v20260924-075317,2026-09-24 07:53:17
demofac00082,,,,,,f,0.3702,[],v20260924-075317,2026-09-24 07:53:17
demofac00083,,,,,,f,0.4753,[],v20260924-075317,2026-09-24 07:53:17
demofac00084,,,,,,f,0.4469,[],v20260924-075317,2026-09-24 07:53:17
demofac00085,,,,,,f,0.3719,[],v20260924-075317,2026-09-24 07:53:17
demofac00086,,,,,,f,0.4254,[],v20260924-075317,2026-09-24 07:53:17
demofac00087,,,,,,f,0.3750,[],v20260924-075317,2026-09-24 07:53:17
demofac00088,,,,,,f,0.3705,[],v20260924-075317,2026-09-24 07:53:17
demofac00089,,,,,,f,0.4486,[],v20260924-075317,2026-09-24 07:53:17
demofac00090,,,,,,t,0.5309,"[{""code"": ""UNUSUAL_AMOUNT"", ""values"": {""ratio"": 8.7}}]",v20260924-075317,2026-09-24 07:53:17
demofac00091,,,,,,f,0.3878,[],v20260924-075317,2026-09-24 07:53:17
demofac00092,,,,,,f,0.3591,[],v20260924-075317,2026-09-24 07:53:17
demofac00093,,,,,,f,0.5754,[],v20260924-075317,2026-09-24 07:53:17
demofac00094,,,,,,f,0.5984,[],v20260924-075317,2026-09-24 07:53:17
demofac00095,,,,,,f,0.3970,[],v20260924-075317,2026-09-24 07:53:17
demofac00096,,,,,,t,0.3970,"[{""code"": ""POSSIBLE_DUPLICATE"", ""values"": {""numero"": ""FAC-2024-0095""}}]",v20260924-075317,2026-09-24 07:53:17
demofac00097,,,,,,f,0.3715,[],v20260924-075317,2026-09-24 07:53:17
demofac00098,,,,,,f,0.4770,[],v20260924-075317,2026-09-24 07:53:17
demofac00099,,,,,,f,0.3908,[],v20260924-075317,2026-09-24 07:53:17
demofac00100,,,,,,f,0.3623,[],v20260924-075317,2026-09-24 07:53:17
demofac00101,,,,,,f,0.4339,[],v20260924-075317,2026-09-24 07:53:17
demofac00102,,,,,,f,0.4426,[],v20260924-075317,2026-09-24 07:53:17
demofac00103,,,,,,f,0.3841,[],v20260924-075317,2026-09-24 07:53:17
demofac00104,,,,,,f,0.5023,[],v20260924-075317,2026-09-24 07:53:17
demofac00105,,,,,,f,0.4885,[],v20260924-075317,2026-09-24 07:53:17
demofac00106,,,,,,f,0.3855,[],v20260924-075317,2026-09-24 07:53:17
demofac00107,,,,,,f,0.3710,[],v20260924-075317,2026-09-24 07:53:17
demofac00109,,,,,,f,0.6322,[],v20260924-075317,2026-09-24 07:53:17
demofac00110,,,,,,f,0.3819,[],v20260924-075317,2026-09-24 07:53:17
demofac00111,,,,,,f,0.4463,[],v20260924-075317,2026-09-24 07:53:17
demofac00112,,,,,,f,0.3789,[],v20260924-075317,2026-09-24 07:53:17
demofac00113,,,,,,f,0.3714,[],v20260924-075317,2026-09-24 07:53:17
demofac00114,,,,,,f,0.3757,[],v20260924-075317,2026-09-24 07:53:17
demofac00115,,,,,,f,0.4641,[],v20260924-075317,2026-09-24 07:53:17
demofac00116,,,,,,f,0.3571,[],v20260924-075317,2026-09-24 07:53:17
demofac00117,,,,,,f,0.4101,[],v20260924-075317,2026-09-24 07:53:17
demofac00118,,,,,,f,0.4909,[],v20260924-075317,2026-09-24 07:53:17
demofac00119,,,,,,f,0.5500,[],v20260924-075317,2026-09-24 07:53:17
demofac00120,,,,,,f,0.3890,[],v20260924-075317,2026-09-24 07:53:17
demofac00121,,,,,,t,0.6888,"[{""code"": ""UNUSUAL_AMOUNT"", ""values"": {""ratio"": 10.7}}]",v20260924-075317,2026-09-24 07:53:17
demofac00122,,,,,,f,0.4079,[],v20260924-075317,2026-09-24 07:53:17
demofac00123,,,,,,f,0.3758,[],v20260924-075317,2026-09-24 07:53:17
demofac00124,,,,,,f,0.3632,[],v20260924-075317,2026-09-24 07:53:17
demofac00125,,,,,,f,0.5540,[],v20260924-075317,2026-09-24 07:53:17
demofac00126,,,,,,f,0.4161,[],v20260924-075317,2026-09-24 07:53:17
demofac00127,,,,,,f,0.4705,[],v20260924-075317,2026-09-24 07:53:17
demofac00128,,,,,,f,0.4571,[],v20260924-075317,2026-09-24 07:53:17
demofac00129,,,,,,f,0.4056,[],v20260924-075317,2026-09-24 07:53:17
demofac00130,,,,,,f,0.3536,[],v20260924-075317,2026-09-24 07:53:17
demofac00131,,,,,,f,0.5694,[],v20260924-075317,2026-09-24 07:53:17
demofac00132,,,,,,f,0.3813,[],v20260924-075317,2026-09-24 07:53:17
demofac00133,,,,,,f,0.3558,[],v20260924-075317,2026-09-24 07:53:17
demofac00135,,,,,,f,0.3537,[],v20260924-075317,2026-09-24 07:53:17
demofac00136,,,,,,f,0.5036,[],v20260924-075317,2026-09-24 07:53:17
demofac00137,,,,,,f,0.3564,[],v20260924-075317,2026-09-24 07:53:17
demofac00138,,,,,,f,0.4943,[],v20260924-075317,2026-09-24 07:53:17
demofac00139,,,,,,f,0.5495,[],v20260924-075317,2026-09-24 07:53:17
demofac00140,,,,,,f,0.3900,[],v20260924-075317,2026-09-24 07:53:17
demofac00141,,,,,,f,0.3787,[],v20260924-075317,2026-09-24 07:53:17
demofac00142,,,,,,f,0.4487,[],v20260924-075317,2026-09-24 07:53:17
demofac00143,,,,,,f,0.3520,[],v20260924-075317,2026-09-24 07:53:17
demofac00144,,,,,,f,0.3811,[],v20260924-075317,2026-09-24 07:53:17
demofac00145,,,,,,f,0.5210,[],v20260924-075317,2026-09-24 07:53:17
demofac00146,,,,,,f,0.4220,[],v20260924-075317,2026-09-24 07:53:17
demofac00147,,,,,,f,0.3684,[],v20260924-075317,2026-09-24 07:53:17
demofac00148,,,,,,f,0.4662,[],v20260924-075317,2026-09-24 07:53:17
demofac00149,,,,,,f,0.4179,[],v20260924-075317,2026-09-24 07:53:17
demofac00150,,,,,,f,0.3554,[],v20260924-075317,2026-09-24 07:53:17
demofac00151,,,,,,f,0.5690,[],v20260924-075317,2026-09-24 07:53:17
demofac00152,,,,,,f,0.3692,[],v20260924-075317,2026-09-24 07:53:17
demofac00153,,,,,,f,0.3571,[],v20260924-075317,2026-09-24 07:53:17
demofac00154,,,,,,f,0.4659,[],v20260924-075317,2026-09-24 07:53:17
demofac00155,,,,,,f,0.3867,[],v20260924-075317,2026-09-24 07:53:17
demofac00156,,,,,,f,0.3790,[],v20260924-075317,2026-09-24 07:53:17
demofac00157,,,,,,f,0.4119,[],v20260924-075317,2026-09-24 07:53:17
demofac00158,,,,,,f,0.4689,[],v20260924-075317,2026-09-24 07:53:17
demofac00159,,,,,,f,0.3660,[],v20260924-075317,2026-09-24 07:53:17
demofac00160,,,,,,f,0.6072,[],v20260924-075317,2026-09-24 07:53:17
demofac00161,,,,,,f,0.5970,[],v20260924-075317,2026-09-24 07:53:17
demofac00162,,,,,,f,0.5396,[],v20260924-075317,2026-09-24 07:53:17
demofac00163,,,,,,f,0.4125,[],v20260924-075317,2026-09-24 07:53:17
demofac00164,,,,,,f,0.4897,[],v20260924-075317,2026-09-24 07:53:17
demofac00165,,,,,,f,0.3617,[],v20260924-075317,2026-09-24 07:53:17
demofac00166,,,,,,f,0.3520,[],v20260924-075317,2026-09-24 07:53:17
demofac00167,,,,,,f,0.4092,[],v20260924-075317,2026-09-24 07:53:17
demofac00168,,,,,,f,0.3959,[],v20260924-075317,2026-09-24 07:53:17
demofac00169,,,,,,f,0.3840,[],v20260924-075317,2026-09-24 07:53:17
demofac00170,,,,,,f,0.3544,[],v20260924-075317,2026-09-24 07:53:17
demofac00172,,,,,,f,0.4049,[],v20260924-075317,2026-09-24 07:53:17
demofac00173,,,,,,f,0.4470,[],v20260924-075317,2026-09-24 07:53:17
demofac00174,,,,,,f,0.4179,[],v20260924-075317,2026-09-24 07:53:17
demofac00175,,,,,,f,0.4546,[],v20260924-075317,2026-09-24 07:53:17
demofac00176,,,,,,f,0.4397,[],v20260924-075317,2026-09-24 07:53:17
demofac00177,,,,,,f,0.4897,[],v20260924-075317,2026-09-24 07:53:17
demofac00178,,,,,,f,0.4399,[],v20260924-075317,2026-09-24 07:53:17
demofac00179,,,,,,f,0.4532,[],v20260924-075317,2026-09-24 07:53:17
demofac00180,,,,,,f,0.4892,[],v20260924-075317,2026-09-24 07:53:17
demofac00181,,,,,,f,0.3767,[],v20260924-075317,2026-09-24 07:53:17
demofac00182,,,,,,f,0.3672,[],v20260924-075317,2026-09-24 07:53:17
demofac00183,,,,,,f,0.4807,[],v20260924-075317,2026-09-24 07:53:17
demofac00184,,,,,,f,0.4523,[],v20260924-075317,2026-09-24 07:53:17
demofac00185,,,,,,f,0.4917,[],v20260924-075317,2026-09-24 07:53:17
demofac00186,,,,,,f,0.4503,[],v20260924-075317,2026-09-24 07:53:17
demofac00187,,,,,,f,0.3536,[],v20260924-075317,2026-09-24 07:53:17
demofac00188,,,,,,f,0.3546,[],v20260924-075317,2026-09-24 07:53:17
demofac00189,,,,,,f,0.4129,[],v20260924-075317,2026-09-24 07:53:17
demofac00190,,,,,,f,0.3587,[],v20260924-075317,2026-09-24 07:53:17
demofac00191,,,,,,f,0.3661,[],v20260924-075317,2026-09-24 07:53:17
demofac00192,,,,,,f,0.3732,[],v20260924-075317,2026-09-24 07:53:17
demofac00193,,,,,,f,0.3637,[],v20260924-075317,2026-09-24 07:53:17
demofac00194,,,,,,f,0.4494,[],v20260924-075317,2026-09-24 07:53:17
demofac00195,,,,,,f,0.4734,[],v20260924-075317,2026-09-24 07:53:17
demofac00196,,,,,,f,0.3564,[],v20260924-075317,2026-09-24 07:53:17
demofac00197,,,,,,f,0.4161,[],v20260924-075317,2026-09-24 07:53:17
demofac00198,,,,,,f,0.4595,[],v20260924-075317,2026-09-24 07:53:17
demofac00199,,,,,,f,0.3568,[],v20260924-075317,2026-09-24 07:53:17
demofac00200,,,,,,f,0.4856,[],v20260924-075317,2026-09-24 07:53:17
demofac00201,,,,,,f,0.4384,[],v20260924-075317,2026-09-24 07:53:17
demofac00202,,,,,,t,0.4161,"[{""code"": ""POSSIBLE_DUPLICATE"", ""values"": {""numero"": ""FAC-2025-0054""}}]",v20260924-075317,2026-09-24 07:53:17
demofac00203,,,,,,f,0.5974,[],v20260924-075317,2026-09-24 07:53:17
demofac00204,,,,,,f,0.4748,[],v20260924-075317,2026-09-24 07:53:17
demofac00205,,,,,,f,0.3734,[],v20260924-075317,2026-09-24 07:53:17
demofac00206,,,,,,f,0.3520,[],v20260924-075317,2026-09-24 07:53:17
demofac00207,,,,,,f,0.4520,[],v20260924-075317,2026-09-24 07:53:17
demofac00208,,,,,,f,0.4940,[],v20260924-075317,2026-09-24 07:53:17
demofac00209,,,,,,f,0.3547,[],v20260924-075317,2026-09-24 07:53:17
demofac00210,,,,,,f,0.4001,[],v20260924-075317,2026-09-24 07:53:17
demofac00211,,,,,,f,0.5797,[],v20260924-075317,2026-09-24 07:53:17
demofac00212,,,,,,f,0.5376,[],v20260924-075317,2026-09-24 07:53:17
demofac00213,,,,,,f,0.4721,[],v20260924-075317,2026-09-24 07:53:17
demofac00214,,,,,,f,0.3689,[],v20260924-075317,2026-09-24 07:53:17
demofac00215,,,,,,f,0.5499,[],v20260924-075317,2026-09-24 07:53:17
demofac00216,,,,,,f,0.5753,[],v20260924-075317,2026-09-24 07:53:17
demofac00217,,,,,,f,0.4047,[],v20260924-075317,2026-09-24 07:53:17
demofac00218,,,,,,f,0.4071,[],v20260924-075317,2026-09-24 07:53:17
demofac00219,,,,,,f,0.4472,[],v20260924-075317,2026-09-24 07:53:17
demofac00220,,,,,,f,0.3821,[],v20260924-075317,2026-09-24 07:53:17
demofac00221,,,,,,f,0.6049,[],v20260924-075317,2026-09-24 07:53:17
demofac00222,,,,,,f,0.4593,[],v20260924-075317,2026-09-24 07:53:17
demofac00223,,,,,,f,0.5195,[],v20260924-075317,2026-09-24 07:53:17
demofac00224,,,,,,f,0.5375,[],v20260924-075317,2026-09-24 07:53:17
demofac00225,,,,,,f,0.4124,[],v20260924-075317,2026-09-24 07:53:17
demofac00226,,,,,,f,0.4033,[],v20260924-075317,2026-09-24 07:53:17
demofac00227,,,,,,f,0.3635,[],v20260924-075317,2026-09-24 07:53:17
demofac00228,,,,,,f,0.3975,[],v20260924-075317,2026-09-24 07:53:17
demofac00229,,,,,,f,0.4060,[],v20260924-075317,2026-09-24 07:53:17
demofac00230,,,,,,f,0.3766,[],v20260924-075317,2026-09-24 07:53:17
demofac00231,,,,,,f,0.3762,[],v20260924-075317,2026-09-24 07:53:17
demofac00232,,,,,,f,0.4050,[],v20260924-075317,2026-09-24 07:53:17
demofac00233,,,,,,f,0.3755,[],v20260924-075317,2026-09-24 07:53:17
demofac00234,,,,,,f,0.3875,[],v20260924-075317,2026-09-24 07:53:17
demofac00235,,,,,,f,0.3971,[],v20260924-075317,2026-09-24 07:53:17
demofac00236,,,,,,t,0.7123,"[{""code"": ""UNUSUAL_DISCOUNT"", ""values"": {""pct"": 71}}]",v20260924-075317,2026-09-24 07:53:17
demofac00237,,,,,,f,0.4413,[],v20260924-075317,2026-09-24 07:53:17
demofac00238,,,,,,f,0.3785,[],v20260924-075317,2026-09-24 07:53:17
demofac00239,,,,,,f,0.5064,[],v20260924-075317,2026-09-24 07:53:17
demofac00240,,,,,,f,0.4430,[],v20260924-075317,2026-09-24 07:53:17
demofac00241,,,,,,f,0.3684,[],v20260924-075317,2026-09-24 07:53:17
demofac00242,,,,,,f,0.4019,[],v20260924-075317,2026-09-24 07:53:17
demofac00243,,,,,,f,0.5587,[],v20260924-075317,2026-09-24 07:53:17
demofac00244,,,,,,f,0.4907,[],v20260924-075317,2026-09-24 07:53:17
demofac00245,,,,,,f,0.3966,[],v20260924-075317,2026-09-24 07:53:17
demofac00246,,,,,,f,0.3864,[],v20260924-075317,2026-09-24 07:53:17
demofac00247,,,,,,t,0.6899,"[{""code"": ""UNUSUAL_QUANTITY"", ""values"": {}}]",v20260924-075317,2026-09-24 07:53:17
demofac00248,,,,,,f,0.4508,[],v20260924-075317,2026-09-24 07:53:17
demofac00249,,,,,,f,0.4407,[],v20260924-075317,2026-09-24 07:53:17
demofac00250,,,,,,f,0.4887,[],v20260924-075317,2026-09-24 07:53:17
demofac00251,,,,,,f,0.3591,[],v20260924-075317,2026-09-24 07:53:17
demofac00252,,,,,,f,0.3786,[],v20260924-075317,2026-09-24 07:53:17
demofac00254,,,,,,f,0.5656,[],v20260924-075317,2026-09-24 07:53:17
demofac00256,,,,,,f,0.4968,[],v20260924-075317,2026-09-24 07:53:17
demofac00257,,,,,,f,0.3909,[],v20260924-075317,2026-09-24 07:53:17
demofac00258,,,,,,f,0.3887,[],v20260924-075317,2026-09-24 07:53:17
demofac00259,,,,,,f,0.3670,[],v20260924-075317,2026-09-24 07:53:17
demofac00260,,,,,,f,0.4184,[],v20260924-075317,2026-09-24 07:53:17
demofac00261,,,,,,f,0.4231,[],v20260924-075317,2026-09-24 07:53:17
demofac00262,,,,,,f,0.3705,[],v20260924-075317,2026-09-24 07:53:17
demofac00263,,,,,,f,0.4713,[],v20260924-075317,2026-09-24 07:53:17
demofac00264,,,,,,f,0.4676,[],v20260924-075317,2026-09-24 07:53:17
demofac00265,,,,,,f,0.3593,[],v20260924-075317,2026-09-24 07:53:17
demofac00266,,,,,,t,0.6868,"[{""code"": ""UNUSUAL_PATTERN"", ""values"": {}}]",v20260924-075317,2026-09-24 07:53:17
demofac00267,,,,,,f,0.3687,[],v20260924-075317,2026-09-24 07:53:17
demofac00268,,,,,,f,0.3595,[],v20260924-075317,2026-09-24 07:53:17
demofac00269,,,,,,f,0.4473,[],v20260924-075317,2026-09-24 07:53:17
demofac00270,,,,,,f,0.4433,[],v20260924-075317,2026-09-24 07:53:17
demofac00271,,,,,,f,0.4441,[],v20260924-075317,2026-09-24 07:53:17
demofac00273,,,,,,f,0.5158,[],v20260924-075317,2026-09-24 07:53:17
demofac00274,,,,,,f,0.4480,[],v20260924-075317,2026-09-24 07:53:17
demofac00275,,,,,,f,0.3517,[],v20260924-075317,2026-09-24 07:53:17
demofac00276,,,,,,f,0.3966,[],v20260924-075317,2026-09-24 07:53:17
demofac00277,,,,,,f,0.5225,[],v20260924-075317,2026-09-24 07:53:17
demofac00278,,,,,,f,0.4620,[],v20260924-075317,2026-09-24 07:53:17
demofac00279,,,,,,f,0.3782,[],v20260924-075317,2026-09-24 07:53:17
demofac00280,,,,,,f,0.3775,[],v20260924-075317,2026-09-24 07:53:17
demofac00281,,,,,,f,0.4580,[],v20260924-075317,2026-09-24 07:53:17
demofac00282,,,,,,f,0.3936,[],v20260924-075317,2026-09-24 07:53:17
demofac00283,,,,,,f,0.4432,[],v20260924-075317,2026-09-24 07:53:17
demofac00284,,,,,,f,0.4319,[],v20260924-075317,2026-09-24 07:53:17
demofac00285,,,,,,f,0.3968,[],v20260924-075317,2026-09-24 07:53:17
demofac00286,,,,,,f,0.5442,[],v20260924-075317,2026-09-24 07:53:17
demofac00287,,,,,,f,0.3525,[],v20260924-075317,2026-09-24 07:53:17
demofac00288,,,,,,f,0.3849,[],v20260924-075317,2026-09-24 07:53:17
demofac00289,,,,,,f,0.5307,[],v20260924-075317,2026-09-24 07:53:17
demofac00290,,,,,,f,0.4669,[],v20260924-075317,2026-09-24 07:53:17
demofac00291,,,,,,f,0.3880,[],v20260924-075317,2026-09-24 07:53:17
demofac00292,,,,,,f,0.5503,[],v20260924-075317,2026-09-24 07:53:17
demofac00293,,,,,,f,0.4943,[],v20260924-075317,2026-09-24 07:53:17
demofac00294,,,,,,f,0.4609,[],v20260924-075317,2026-09-24 07:53:17
demofac00295,,,,,,f,0.4659,[],v20260924-075317,2026-09-24 07:53:17
demofac00296,,,,,,f,0.5014,[],v20260924-075317,2026-09-24 07:53:17
demofac00297,,,,,,f,0.4501,[],v20260924-075317,2026-09-24 07:53:17
demofac00298,,,,,,f,0.3724,[],v20260924-075317,2026-09-24 07:53:17
demofac00299,,,,,,f,0.4898,[],v20260924-075317,2026-09-24 07:53:17
demofac00300,,,,,,f,0.3730,[],v20260924-075317,2026-09-24 07:53:17
demofac00301,,,,,,f,0.3680,[],v20260924-075317,2026-09-24 07:53:17
demofac00302,,,,,,f,0.3687,[],v20260924-075317,2026-09-24 07:53:17
demofac00303,,,,,,f,0.3596,[],v20260924-075317,2026-09-24 07:53:17
demofac00304,,,,,,f,0.3731,[],v20260924-075317,2026-09-24 07:53:17
demofac00305,,,,,,f,0.4401,[],v20260924-075317,2026-09-24 07:53:17
demofac00306,,,,,,f,0.4532,[],v20260924-075317,2026-09-24 07:53:17
demofac00307,,,,,,f,0.4174,[],v20260924-075317,2026-09-24 07:53:17
demofac00308,,,,,,f,0.4736,[],v20260924-075317,2026-09-24 07:53:17
demofac00309,,,,,,f,0.3536,[],v20260924-075317,2026-09-24 07:53:17
demofac00310,,,,,,f,0.3844,[],v20260924-075317,2026-09-24 07:53:17
demofac00311,,,,,,f,0.5134,[],v20260924-075317,2026-09-24 07:53:17
demofac00312,,,,,,f,0.6108,[],v20260924-075317,2026-09-24 07:53:17
demofac00313,,,,,,f,0.5873,[],v20260924-075317,2026-09-24 07:53:17
demofac00314,,,,,,f,0.4405,[],v20260924-075317,2026-09-24 07:53:17
demofac00315,,,,,,f,0.3677,[],v20260924-075317,2026-09-24 07:53:17
demofac00316,,,,,,f,0.4714,[],v20260924-075317,2026-09-24 07:53:17
demofac00317,,,,,,f,0.5955,[],v20260924-075317,2026-09-24 07:53:17
demofac00318,,,,,,f,0.4479,[],v20260924-075317,2026-09-24 07:53:17
demofac00319,,,,,,f,0.3825,[],v20260924-075317,2026-09-24 07:53:17
demofac00320,,,,,,f,0.4942,[],v20260924-075317,2026-09-24 07:53:17
demofac00321,,,,,,f,0.4927,[],v20260924-075317,2026-09-24 07:53:17
demofac00322,,,,,,f,0.3692,[],v20260924-075317,2026-09-24 07:53:17
demofac00323,,,,,,f,0.4003,[],v20260924-075317,2026-09-24 07:53:17
demofac00324,,,,,,f,0.4538,[],v20260924-075317,2026-09-24 07:53:17
demofac00325,,,,,,f,0.3879,[],v20260924-075317,2026-09-24 07:53:17
demofac00326,,,,,,f,0.3898,[],v20260924-075317,2026-09-24 07:53:17
demofac00327,,,,,,f,0.3600,[],v20260924-075317,2026-09-24 07:53:17
demofac00328,,,,,,f,0.4991,[],v20260924-075317,2026-09-24 07:53:17
demofac00329,,,,,,f,0.4550,[],v20260924-075317,2026-09-24 07:53:17
demofac00330,,,,,,f,0.3537,[],v20260924-075317,2026-09-24 07:53:17
demofac00331,,,,,,f,0.4182,[],v20260924-075317,2026-09-24 07:53:17
demofac00332,,,,,,f,0.4426,[],v20260924-075317,2026-09-24 07:53:17
demofac00333,,,,,,f,0.3800,[],v20260924-075317,2026-09-24 07:53:17
demofac00334,,,,,,f,0.4368,[],v20260924-075317,2026-09-24 07:53:17
demofac00335,,,,,,f,0.3537,[],v20260924-075317,2026-09-24 07:53:17
demofac00336,,,,,,f,0.3620,[],v20260924-075317,2026-09-24 07:53:17
demofac00337,,,,,,f,0.4455,[],v20260924-075317,2026-09-24 07:53:17
demofac00338,,,,,,f,0.4838,[],v20260924-075317,2026-09-24 07:53:17
demofac00339,,,,,,f,0.4646,[],v20260924-075317,2026-09-24 07:53:17
demofac00340,,,,,,f,0.4537,[],v20260924-075317,2026-09-24 07:53:17
demofac00341,,,,,,f,0.3697,[],v20260924-075317,2026-09-24 07:53:17
demofac00342,,,,,,f,0.3798,[],v20260924-075317,2026-09-24 07:53:17
demofac00343,,,,,,f,0.3946,[],v20260924-075317,2026-09-24 07:53:17
demofac00344,,,,,,f,0.4468,[],v20260924-075317,2026-09-24 07:53:17
demofac00345,,,,,,f,0.5335,[],v20260924-075317,2026-09-24 07:53:17
demofac00346,,,,,,f,0.5384,[],v20260924-075317,2026-09-24 07:53:17
demofac00347,,,,,,f,0.4715,[],v20260924-075317,2026-09-24 07:53:17
demofac00348,,,,,,f,0.4121,[],v20260924-075317,2026-09-24 07:53:17
demofac00349,,,,,,f,0.3691,[],v20260924-075317,2026-09-24 07:53:17
demofac00350,,,,,,f,0.6129,[],v20260924-075317,2026-09-24 07:53:17
demofac00351,,,,,,t,0.3691,"[{""code"": ""POSSIBLE_DUPLICATE"", ""values"": {""numero"": ""FAC-2025-0206""}}]",v20260924-075317,2026-09-24 07:53:17
demofac00352,,,,,,f,0.4513,[],v20260924-075317,2026-09-24 07:53:17
demofac00353,,,,,,f,0.3885,[],v20260924-075317,2026-09-24 07:53:17
demofac00354,,,,,,f,0.4540,[],v20260924-075317,2026-09-24 07:53:17
demofac00355,,,,,,f,0.3649,[],v20260924-075317,2026-09-24 07:53:17
demofac00356,,,,,,f,0.4487,[],v20260924-075317,2026-09-24 07:53:17
demofac00357,,,,,,f,0.3553,[],v20260924-075317,2026-09-24 07:53:17
demofac00358,,,,,,f,0.4658,[],v20260924-075317,2026-09-24 07:53:17
demofac00359,,,,,,f,0.3817,[],v20260924-075317,2026-09-24 07:53:17
demofac00360,,,,,,f,0.3892,[],v20260924-075317,2026-09-24 07:53:17
demofac00361,,,,,,f,0.4106,[],v20260924-075317,2026-09-24 07:53:17
demofac00362,,,,,,t,0.4426,"[{""code"": ""VAT_MISMATCH"", ""values"": {}}]",v20260924-075317,2026-09-24 07:53:17
demofac00363,,,,,,f,0.6323,[],v20260924-075317,2026-09-24 07:53:17
demofac00364,,,,,,f,0.4422,[],v20260924-075317,2026-09-24 07:53:17
demofac00365,,,,,,f,0.4238,[],v20260924-075317,2026-09-24 07:53:17
demofac00366,,,,,,f,0.4533,[],v20260924-075317,2026-09-24 07:53:17
demofac00367,,,,,,f,0.3537,[],v20260924-075317,2026-09-24 07:53:17
demofac00368,,,,,,f,0.4572,[],v20260924-075317,2026-09-24 07:53:17
demofac00369,,,,,,f,0.5767,[],v20260924-075317,2026-09-24 07:53:17
demofac00370,,,,,,f,0.3685,[],v20260924-075317,2026-09-24 07:53:17
demofac00371,,,,,,f,0.3652,[],v20260924-075317,2026-09-24 07:53:17
demofac00372,,,,,,f,0.3777,[],v20260924-075317,2026-09-24 07:53:17
demofac00373,,,,,,f,0.4182,[],v20260924-075317,2026-09-24 07:53:17
demofac00374,,,,,,f,0.4537,[],v20260924-075317,2026-09-24 07:53:17
demofac00375,,,,,,f,0.4128,[],v20260924-075317,2026-09-24 07:53:17
demofac00376,,,,,,f,0.3763,[],v20260924-075317,2026-09-24 07:53:17
demofac00377,,,,,,f,0.4620,[],v20260924-075317,2026-09-24 07:53:17
demofac00378,,,,,,f,0.4963,[],v20260924-075317,2026-09-24 07:53:17
demofac00379,,,,,,f,0.3726,[],v20260924-075317,2026-09-24 07:53:17
demofac00380,,,,,,f,0.3779,[],v20260924-075317,2026-09-24 07:53:17
demofac00381,,,,,,t,0.6253,"[{""code"": ""UNUSUAL_QUANTITY"", ""values"": {}}]",v20260924-075317,2026-09-24 07:53:17
demofac00382,,,,,,f,0.4647,[],v20260924-075317,2026-09-24 07:53:17
demofac00383,,,,,,f,0.3860,[],v20260924-075317,2026-09-24 07:53:17
demofac00384,,,,,,f,0.5028,[],v20260924-075317,2026-09-24 07:53:17
demofac00385,,,,,,f,0.4454,[],v20260924-075317,2026-09-24 07:53:17
demofac00386,,,,,,f,0.5227,[],v20260924-075317,2026-09-24 07:53:17
demofac00387,,,,,,f,0.4047,[],v20260924-075317,2026-09-24 07:53:17
demofac00388,,,,,,f,0.4283,[],v20260924-075317,2026-09-24 07:53:17
demofac00389,,,,,,f,0.4710,[],v20260924-075317,2026-09-24 07:53:17
demofac00390,,,,,,f,0.3564,[],v20260924-075317,2026-09-24 07:53:17
demofac00391,,,,,,f,0.3681,[],v20260924-075317,2026-09-24 07:53:17
demofac00392,,,,,,f,0.4080,[],v20260924-075317,2026-09-24 07:53:17
demofac00393,,,,,,f,0.4614,[],v20260924-075317,2026-09-24 07:53:17
demofac00394,,,,,,f,0.3550,[],v20260924-075317,2026-09-24 07:53:17
demofac00395,,,,,,f,0.4010,[],v20260924-075317,2026-09-24 07:53:17
demofac00396,,,,,,f,0.4507,[],v20260924-075317,2026-09-24 07:53:17
demofac00397,,,,,,f,0.3767,[],v20260924-075317,2026-09-24 07:53:17
demofac00398,,,,,,f,0.3681,[],v20260924-075317,2026-09-24 07:53:17
demofac00399,,,,,,f,0.4178,[],v20260924-075317,2026-09-24 07:53:17
demofac00400,,,,,,f,0.6065,[],v20260924-075317,2026-09-24 07:53:17
demofac00401,,,,,,f,0.3637,[],v20260924-075317,2026-09-24 07:53:17
demofac00402,,,,,,f,0.4470,[],v20260924-075317,2026-09-24 07:53:17
demofac00403,,,,,,f,0.4841,[],v20260924-075317,2026-09-24 07:53:17
demofac00404,,,,,,f,0.3622,[],v20260924-075317,2026-09-24 07:53:17
demofac00405,,,,,,f,0.3705,[],v20260924-075317,2026-09-24 07:53:17
demofac00406,,,,,,f,0.3775,[],v20260924-075317,2026-09-24 07:53:17
demofac00407,,,,,,f,0.3658,[],v20260924-075317,2026-09-24 07:53:17
demofac00408,,,,,,f,0.3582,[],v20260924-075317,2026-09-24 07:53:17
demofac00409,,,,,,f,0.4735,[],v20260924-075317,2026-09-24 07:53:17
demofac00410,,,,,,f,0.3739,[],v20260924-075317,2026-09-24 07:53:17
demofac00411,,,,,,f,0.4831,[],v20260924-075317,2026-09-24 07:53:17
demofac00412,,,,,,f,0.3792,[],v20260924-075317,2026-09-24 07:53:17
demofac00413,,,,,,f,0.5188,[],v20260924-075317,2026-09-24 07:53:17
demofac00414,,,,,,f,0.3819,[],v20260924-075317,2026-09-24 07:53:17
demofac00415,,,,,,f,0.4081,[],v20260924-075317,2026-09-24 07:53:17
demofac00416,,,,,,f,0.3902,[],v20260924-075317,2026-09-24 07:53:17
demofac00417,,,,,,f,0.3863,[],v20260924-075317,2026-09-24 07:53:17
demofac00418,,,,,,f,0.4220,[],v20260924-075317,2026-09-24 07:53:17
demofac00419,,,,,,f,0.3634,[],v20260924-075317,2026-09-24 07:53:17
demofac00420,,,,,,f,0.4186,[],v20260924-075317,2026-09-24 07:53:17
demofac00421,,,,,,f,0.5149,[],v20260924-075317,2026-09-24 07:53:17
demofac00422,,,,,,f,0.3968,[],v20260924-075317,2026-09-24 07:53:17
demofac00424,,,,,,f,0.3750,[],v20260924-075317,2026-09-24 07:53:17
demofac00425,,,,,,t,0.5520,"[{""code"": ""UNUSUAL_AMOUNT"", ""values"": {""ratio"": 8.1}}]",v20260924-075317,2026-09-24 07:53:17
demofac00426,,,,,,f,0.5725,[],v20260924-075317,2026-09-24 07:53:17
demofac00427,,,,,,f,0.3779,[],v20260924-075317,2026-09-24 07:53:17
demofac00428,,,,,,f,0.4186,[],v20260924-075317,2026-09-24 07:53:17
demofac00429,,,,,,f,0.4275,[],v20260924-075317,2026-09-24 07:53:17
demofac00430,,,,,,f,0.4501,[],v20260924-075317,2026-09-24 07:53:17
demofac00431,,,,,,f,0.4954,[],v20260924-075317,2026-09-24 07:53:17
demofac00432,,,,,,f,0.3618,[],v20260924-075317,2026-09-24 07:53:17
demofac00433,,,,,,f,0.3869,[],v20260924-075317,2026-09-24 07:53:17
demofac00434,,,,,,f,0.4785,[],v20260924-075317,2026-09-24 07:53:17
demofac00435,,,,,,f,0.4851,[],v20260924-075317,2026-09-24 07:53:17
demofac00436,,,,,,f,0.3747,[],v20260924-075317,2026-09-24 07:53:17
demofac00437,,,,,,f,0.4091,[],v20260924-075317,2026-09-24 07:53:17
demofac00438,,,,,,f,0.4494,[],v20260924-075317,2026-09-24 07:53:17
demofac00439,,,,,,f,0.3797,[],v20260924-075317,2026-09-24 07:53:17
demofac00440,,,,,,f,0.3802,[],v20260924-075317,2026-09-24 07:53:17
demofac00441,,,,,,f,0.5439,[],v20260924-075317,2026-09-24 07:53:17
demofac00442,,,,,,f,0.5079,[],v20260924-075317,2026-09-24 07:53:17
demofac00443,,,,,,f,0.3822,[],v20260924-075317,2026-09-24 07:53:17
demofac00445,,,,,,f,0.3519,[],v20260924-075317,2026-09-24 07:53:17
demofac00446,,,,,,f,0.4562,[],v20260924-075317,2026-09-24 07:53:17
demofac00447,,,,,,f,0.3877,[],v20260924-075317,2026-09-24 07:53:17
demofac00448,,,,,,f,0.4057,[],v20260924-075317,2026-09-24 07:53:17
demofac00449,,,,,,f,0.3646,[],v20260924-075317,2026-09-24 07:53:17
demofac00450,,,,,,f,0.3996,[],v20260924-075317,2026-09-24 07:53:17
demofac00451,,,,,,f,0.3960,[],v20260924-075317,2026-09-24 07:53:17
demofac00452,,,,,,f,0.5288,[],v20260924-075317,2026-09-24 07:53:17
demofac00453,,,,,,f,0.4381,[],v20260924-075317,2026-09-24 07:53:17
demofac00454,,,,,,f,0.3568,[],v20260924-075317,2026-09-24 07:53:17
demofac00455,,,,,,f,0.4615,[],v20260924-075317,2026-09-24 07:53:17
demofac00456,,,,,,f,0.4347,[],v20260924-075317,2026-09-24 07:53:17
demofac00457,,,,,,f,0.3544,[],v20260924-075317,2026-09-24 07:53:17
demofac00458,,,,,,f,0.6229,[],v20260924-075317,2026-09-24 07:53:17
demofac00459,,,,,,f,0.4244,[],v20260924-075317,2026-09-24 07:53:17
demofac00460,,,,,,f,0.3706,[],v20260924-075317,2026-09-24 07:53:17
demofac00461,,,,,,f,0.3626,[],v20260924-075317,2026-09-24 07:53:17
demofac00462,,,,,,f,0.3743,[],v20260924-075317,2026-09-24 07:53:17
demofac00463,,,,,,f,0.3786,[],v20260924-075317,2026-09-24 07:53:17
demofac00464,,,,,,f,0.3647,[],v20260924-075317,2026-09-24 07:53:17
demofac00465,,,,,,f,0.4273,[],v20260924-075317,2026-09-24 07:53:17
demofac00466,,,,,,f,0.4690,[],v20260924-075317,2026-09-24 07:53:17
demofac00467,,,,,,f,0.3560,[],v20260924-075317,2026-09-24 07:53:17
demofac00468,,,,,,f,0.5592,[],v20260924-075317,2026-09-24 07:53:17
demofac00469,,,,,,f,0.3915,[],v20260924-075317,2026-09-24 07:53:17
demofac00470,,,,,,f,0.4401,[],v20260924-075317,2026-09-24 07:53:17
demofac00471,,,,,,f,0.4939,[],v20260924-075317,2026-09-24 07:53:17
demofac00472,,,,,,f,0.5016,[],v20260924-075317,2026-09-24 07:53:17
demofac00473,,,,,,f,0.4391,[],v20260924-075317,2026-09-24 07:53:17
demofac00474,,,,,,f,0.4609,[],v20260924-075317,2026-09-24 07:53:17
demofac00475,,,,,,f,0.3983,[],v20260924-075317,2026-09-24 07:53:17
demofac00476,,,,,,f,0.4134,[],v20260924-075317,2026-09-24 07:53:17
demofac00477,,,,,,f,0.4079,[],v20260924-075317,2026-09-24 07:53:17
demofac00478,,,,,,f,0.4582,[],v20260924-075317,2026-09-24 07:53:17
demofac00479,,,,,,f,0.3716,[],v20260924-075317,2026-09-24 07:53:17
demofac00480,,,,,,f,0.3808,[],v20260924-075317,2026-09-24 07:53:17
demofac00481,,,,,,f,0.5254,[],v20260924-075317,2026-09-24 07:53:17
demofac00482,,,,,,f,0.3784,[],v20260924-075317,2026-09-24 07:53:17
demofac00483,,,,,,f,0.4146,[],v20260924-075317,2026-09-24 07:53:17
demofac00484,,,,,,f,0.3674,[],v20260924-075317,2026-09-24 07:53:17
demofac00485,,,,,,f,0.3846,[],v20260924-075317,2026-09-24 07:53:17
demofac00486,,,,,,f,0.5569,[],v20260924-075317,2026-09-24 07:53:17
demofac00487,,,,,,f,0.4858,[],v20260924-075317,2026-09-24 07:53:17
demofac00488,,,,,,f,0.4310,[],v20260924-075317,2026-09-24 07:53:17
demofac00489,,,,,,f,0.3558,[],v20260924-075317,2026-09-24 07:53:17
demofac00490,,,,,,f,0.4525,[],v20260924-075317,2026-09-24 07:53:17
demofac00491,,,,,,f,0.4144,[],v20260924-075317,2026-09-24 07:53:17
demofac00492,,,,,,f,0.3904,[],v20260924-075317,2026-09-24 07:53:17
demofac00493,,,,,,f,0.4397,[],v20260924-075317,2026-09-24 07:53:17
demofac00494,,,,,,f,0.3597,[],v20260924-075317,2026-09-24 07:53:17
demofac00495,,,,,,f,0.4860,[],v20260924-075317,2026-09-24 07:53:17
demofac00496,,,,,,f,0.5678,[],v20260924-075317,2026-09-24 07:53:17
demofac00497,,,,,,f,0.3999,[],v20260924-075317,2026-09-24 07:53:17
demofac00498,,,,,,f,0.5296,[],v20260924-075317,2026-09-24 07:53:17
demofac00499,,,,,,f,0.4183,[],v20260924-075317,2026-09-24 07:53:17
demofac00500,,,,,,f,0.4140,[],v20260924-075317,2026-09-24 07:53:17
demofac00501,,,,,,f,0.3580,[],v20260924-075317,2026-09-24 07:53:17
demofac00502,,,,,,f,0.4113,[],v20260924-075317,2026-09-24 07:53:17
demofac00503,,,,,,f,0.5138,[],v20260924-075317,2026-09-24 07:53:17
demofac00504,,,,,,f,0.3661,[],v20260924-075317,2026-09-24 07:53:17
demofac00505,,,,,,f,0.4406,[],v20260924-075317,2026-09-24 07:53:17
demofac00506,,,,,,f,0.3752,[],v20260924-075317,2026-09-24 07:53:17
demofac00507,,,,,,f,0.5772,[],v20260924-075317,2026-09-24 07:53:17
demofac00508,,,,,,f,0.3759,[],v20260924-075317,2026-09-24 07:53:17
demofac00509,,,,,,f,0.4852,[],v20260924-075317,2026-09-24 07:53:17
demofac00510,,,,,,f,0.3599,[],v20260924-075317,2026-09-24 07:53:17
demofac00511,,,,,,f,0.4439,[],v20260924-075317,2026-09-24 07:53:17
demofac00512,,,,,,f,0.4240,[],v20260924-075317,2026-09-24 07:53:17
demofac00513,,,,,,f,0.4178,[],v20260924-075317,2026-09-24 07:53:17
demofac00514,,,,,,f,0.4751,[],v20260924-075317,2026-09-24 07:53:17
demofac00515,,,,,,f,0.6298,[],v20260924-075317,2026-09-24 07:53:17
demofac00516,,,,,,t,0.4584,"[{""code"": ""VAT_MISMATCH"", ""values"": {}}]",v20260924-075317,2026-09-24 07:53:17
demofac00517,,,,,,f,0.3763,[],v20260924-075317,2026-09-24 07:53:17
demofac00518,,,,,,f,0.4306,[],v20260924-075317,2026-09-24 07:53:17
demofac00519,,,,,,f,0.4478,[],v20260924-075317,2026-09-24 07:53:17
demofac00520,,,,,,f,0.4057,[],v20260924-075317,2026-09-24 07:53:17
demofac00521,,,,,,f,0.4767,[],v20260924-075317,2026-09-24 07:53:17
demofac00522,,,,,,f,0.4760,[],v20260924-075317,2026-09-24 07:53:17
demofac00523,,,,,,f,0.4425,[],v20260924-075317,2026-09-24 07:53:17
demofac00524,,,,,,f,0.4948,[],v20260924-075317,2026-09-24 07:53:17
demofac00525,,,,,,f,0.4962,[],v20260924-075317,2026-09-24 07:53:17
demofac00526,,,,,,f,0.4862,[],v20260924-075317,2026-09-24 07:53:17
demofac00527,,,,,,f,0.4187,[],v20260924-075317,2026-09-24 07:53:17
demofac00528,,,,,,f,0.5250,[],v20260924-075317,2026-09-24 07:53:17
demofac00529,,,,,,f,0.5494,[],v20260924-075317,2026-09-24 07:53:17
demofac00530,,,,,,t,0.6332,"[{""code"": ""UNUSUAL_PATTERN"", ""values"": {}}]",v20260924-075317,2026-09-24 07:53:17
demofac00531,,,,,,f,0.4591,[],v20260924-075317,2026-09-24 07:53:17
demofac00532,,,,,,f,0.4571,[],v20260924-075317,2026-09-24 07:53:17
demofac00533,,,,,,f,0.5556,[],v20260924-075317,2026-09-24 07:53:17
demofac00534,,,,,,f,0.3737,[],v20260924-075317,2026-09-24 07:53:17
demofac00535,,,,,,f,0.3596,[],v20260924-075317,2026-09-24 07:53:17
demofac00536,,,,,,f,0.4756,[],v20260924-075317,2026-09-24 07:53:17
demofac00537,,,,,,f,0.3982,[],v20260924-075317,2026-09-24 07:53:17
demofac00538,,,,,,f,0.4860,[],v20260924-075317,2026-09-24 07:53:17
demofac00539,,,,,,f,0.4126,[],v20260924-075317,2026-09-24 07:53:17
demofac00540,,,,,,f,0.4395,[],v20260924-075317,2026-09-24 07:53:17
demofac00541,,,,,,f,0.3916,[],v20260924-075317,2026-09-24 07:53:17
demofac00542,,,,,,f,0.3582,[],v20260924-075317,2026-09-24 07:53:17
demofac00543,,,,,,f,0.3717,[],v20260924-075317,2026-09-24 07:53:17
demofac00544,,,,,,f,0.4544,[],v20260924-075317,2026-09-24 07:53:17
demofac00545,,,,,,f,0.4641,[],v20260924-075317,2026-09-24 07:53:17
demofac00546,,,,,,f,0.4571,[],v20260924-075317,2026-09-24 07:53:17
demofac00547,,,,,,f,0.5482,[],v20260924-075317,2026-09-24 07:53:17
demofac00548,,,,,,f,0.4354,[],v20260924-075317,2026-09-24 07:53:17
demofac00549,,,,,,f,0.4488,[],v20260924-075317,2026-09-24 07:53:17
demofac00550,,,,,,f,0.5046,[],v20260924-075317,2026-09-24 07:53:17
demofac00551,,,,,,f,0.5644,[],v20260924-075317,2026-09-24 07:53:17
demofac00552,,,,,,f,0.3874,[],v20260924-075317,2026-09-24 07:53:17
demofac00553,,,,,,f,0.3674,[],v20260924-075317,2026-09-24 07:53:17
demofac00554,,,,,,f,0.3647,[],v20260924-075317,2026-09-24 07:53:17
demofac00555,,,,,,f,0.3700,[],v20260924-075317,2026-09-24 07:53:17
demofac00556,,,,,,f,0.4628,[],v20260924-075317,2026-09-24 07:53:17
demofac00557,,,,,,f,0.5062,[],v20260924-075317,2026-09-24 07:53:17
demofac00558,,,,,,f,0.4489,[],v20260924-075317,2026-09-24 07:53:17
demofac00559,,,,,,f,0.4019,[],v20260924-075317,2026-09-24 07:53:17
demofac00560,,,,,,f,0.4459,[],v20260924-075317,2026-09-24 07:53:17
demofac00561,,,,,,f,0.3618,[],v20260924-075317,2026-09-24 07:53:17
demofac00562,,,,,,f,0.4715,[],v20260924-075317,2026-09-24 07:53:17
demofac00563,,,,,,f,0.3923,[],v20260924-075317,2026-09-24 07:53:17
demofac00564,,,,,,f,0.3819,[],v20260924-075317,2026-09-24 07:53:17
demofac00565,,,,,,f,0.3551,[],v20260924-075317,2026-09-24 07:53:17
demofac00566,,,,,,f,0.5949,[],v20260924-075317,2026-09-24 07:53:17
demofac00567,,,,,,f,0.4909,[],v20260924-075317,2026-09-24 07:53:17
demofac00568,,,,,,f,0.5351,[],v20260924-075317,2026-09-24 07:53:17
demofac00569,,,,,,f,0.3753,[],v20260924-075317,2026-09-24 07:53:17
demofac00570,,,,,,f,0.3761,[],v20260924-075317,2026-09-24 07:53:17
demofac00572,,,,,,f,0.5381,[],v20260924-075317,2026-09-24 07:53:17
demofac00573,,,,,,f,0.5226,[],v20260924-075317,2026-09-24 07:53:17
demofac00574,,,,,,f,0.3738,[],v20260924-075317,2026-09-24 07:53:17
demofac00575,,,,,,f,0.3784,[],v20260924-075317,2026-09-24 07:53:17
demofac00576,,,,,,f,0.4563,[],v20260924-075317,2026-09-24 07:53:17
demofac00577,,,,,,f,0.4594,[],v20260924-075317,2026-09-24 07:53:17
demofac00578,,,,,,f,0.4480,[],v20260924-075317,2026-09-24 07:53:17
demofac00579,,,,,,f,0.4676,[],v20260924-075317,2026-09-24 07:53:17
demofac00580,,,,,,f,0.3752,[],v20260924-075317,2026-09-24 07:53:17
demofac00581,,,,,,f,0.3864,[],v20260924-075317,2026-09-24 07:53:17
demofac00582,,,,,,f,0.4504,[],v20260924-075317,2026-09-24 07:53:17
demofac00583,,,,,,f,0.4593,[],v20260924-075317,2026-09-24 07:53:17
demofac00584,,,,,,f,0.3733,[],v20260924-075317,2026-09-24 07:53:17
demofac00585,,,,,,f,0.4968,[],v20260924-075317,2026-09-24 07:53:17
demofac00586,,,,,,f,0.5531,[],v20260924-075317,2026-09-24 07:53:17
demofac00587,,,,,,t,0.6705,"[{""code"": ""UNUSUAL_PATTERN"", ""values"": {}}]",v20260924-075317,2026-09-24 07:53:17
demofac00588,,,,,,f,0.3902,[],v20260924-075317,2026-09-24 07:53:17
demofac00589,,,,,,f,0.4866,[],v20260924-075317,2026-09-24 07:53:17
demofac00590,,,,,,f,0.4843,[],v20260924-075317,2026-09-24 07:53:17
demofac00591,,,,,,f,0.4694,[],v20260924-075317,2026-09-24 07:53:17
demofac00592,,,,,,f,0.3900,[],v20260924-075317,2026-09-24 07:53:17
demofac00593,,,,,,f,0.4548,[],v20260924-075317,2026-09-24 07:53:17
demofac00594,,,,,,f,0.4833,[],v20260924-075317,2026-09-24 07:53:17
demofac00595,,,,,,f,0.4097,[],v20260924-075317,2026-09-24 07:53:17
demofac00596,,,,,,f,0.5508,[],v20260924-075317,2026-09-24 07:53:17
demofac00597,,,,,,f,0.3807,[],v20260924-075317,2026-09-24 07:53:17
demofac00598,,,,,,f,0.5970,[],v20260924-075317,2026-09-24 07:53:17
demofac00599,,,,,,f,0.3773,[],v20260924-075317,2026-09-24 07:53:17
demofac00600,,,,,,f,0.3753,[],v20260924-075317,2026-09-24 07:53:17
demofac00601,,,,,,f,0.3935,[],v20260924-075317,2026-09-24 07:53:17
demofac00602,,,,,,f,0.3587,[],v20260924-075317,2026-09-24 07:53:17
demofac00603,,,,,,f,0.4247,[],v20260924-075317,2026-09-24 07:53:17
demofac00604,,,,,,f,0.5812,[],v20260924-075317,2026-09-24 07:53:17
demofac00605,,,,,,f,0.4970,[],v20260924-075317,2026-09-24 07:53:17
demofac00606,,,,,,f,0.5521,[],v20260924-075317,2026-09-24 07:53:17
demofac00607,,,,,,f,0.3799,[],v20260924-075317,2026-09-24 07:53:17
demofac00608,,,,,,f,0.4282,[],v20260924-075317,2026-09-24 07:53:17
demofac00609,,,,,,f,0.3957,[],v20260924-075317,2026-09-24 07:53:17
demofac00610,,,,,,f,0.4458,[],v20260924-075317,2026-09-24 07:53:17
demofac00611,,,,,,f,0.3520,[],v20260924-075317,2026-09-24 07:53:17
demofac00612,,,,,,f,0.4702,[],v20260924-075317,2026-09-24 07:53:17
demofac00613,,,,,,f,0.3636,[],v20260924-075317,2026-09-24 07:53:17
demofac00614,,,,,,f,0.4542,[],v20260924-075317,2026-09-24 07:53:17
demofac00615,,,,,,f,0.3659,[],v20260924-075317,2026-09-24 07:53:17
demofac00616,,,,,,f,0.4790,[],v20260924-075317,2026-09-24 07:53:17
demofac00617,,,,,,f,0.3520,[],v20260924-075317,2026-09-24 07:53:17
demofac00618,,,,,,f,0.3839,[],v20260924-075317,2026-09-24 07:53:17
demofac00619,,,,,,f,0.3531,[],v20260924-075317,2026-09-24 07:53:17
demofac00620,,,,,,f,0.4409,[],v20260924-075317,2026-09-24 07:53:17
demofac00621,,,,,,f,0.4395,[],v20260924-075317,2026-09-24 07:53:17
demofac00622,,,,,,f,0.3751,[],v20260924-075317,2026-09-24 07:53:17
demofac00623,,,,,,f,0.4586,[],v20260924-075317,2026-09-24 07:53:17
demofac00624,,,,,,f,0.5277,[],v20260924-075317,2026-09-24 07:53:17
demofac00625,,,,,,f,0.3780,[],v20260924-075317,2026-09-24 07:53:17
demofac00626,,,,,,f,0.5080,[],v20260924-075317,2026-09-24 07:53:17
demofac00627,,,,,,f,0.3703,[],v20260924-075317,2026-09-24 07:53:17
demofac00628,,,,,,f,0.3661,[],v20260924-075317,2026-09-24 07:53:17
demofac00629,,,,,,f,0.3520,[],v20260924-075317,2026-09-24 07:53:17
demofac00630,,,,,,f,0.6251,[],v20260924-075317,2026-09-24 07:53:17
demofac00631,,,,,,f,0.4229,[],v20260924-075317,2026-09-24 07:53:17
demofac00632,,,,,,f,0.4956,[],v20260924-075317,2026-09-24 07:53:17
demofac00633,,,,,,f,0.3843,[],v20260924-075317,2026-09-24 07:53:17
demofac00634,,,,,,f,0.4328,[],v20260924-075317,2026-09-24 07:53:17
demofac00635,,,,,,f,0.3809,[],v20260924-075317,2026-09-24 07:53:17
demofac00636,,,,,,f,0.4736,[],v20260924-075317,2026-09-24 07:53:17
demofac00637,,,,,,f,0.4244,[],v20260924-075317,2026-09-24 07:53:17
demofac00638,,,,,,f,0.3520,[],v20260924-075317,2026-09-24 07:53:17
demofac00639,,,,,,f,0.4537,[],v20260924-075317,2026-09-24 07:53:17
demofac00640,,,,,,f,0.5705,[],v20260924-075317,2026-09-24 07:53:17
demofac00641,,,,,,f,0.4538,[],v20260924-075317,2026-09-24 07:53:17
demofac00642,,,,,,f,0.3791,[],v20260924-075317,2026-09-24 07:53:17
demofac00643,,,,,,f,0.4449,[],v20260924-075317,2026-09-24 07:53:17
demofac00644,,,,,,f,0.3743,[],v20260924-075317,2026-09-24 07:53:17
demofac00645,,,,,,f,0.4508,[],v20260924-075317,2026-09-24 07:53:17
demofac00646,,,,,,f,0.3659,[],v20260924-075317,2026-09-24 07:53:17
demofac00647,,,,,,f,0.3815,[],v20260924-075317,2026-09-24 07:53:17
demofac00648,,,,,,f,0.4660,[],v20260924-075317,2026-09-24 07:53:17
demofac00649,,,,,,f,0.4525,[],v20260924-075317,2026-09-24 07:53:17
demofac00650,,,,,,f,0.3667,[],v20260924-075317,2026-09-24 07:53:17
demofac00651,,,,,,f,0.5905,[],v20260924-075317,2026-09-24 07:53:17
demofac00652,,,,,,f,0.4044,[],v20260924-075317,2026-09-24 07:53:17
demofac00653,,,,,,f,0.4500,[],v20260924-075317,2026-09-24 07:53:17
demofac00654,,,,,,f,0.4549,[],v20260924-075317,2026-09-24 07:53:17
demofac00655,,,,,,f,0.3920,[],v20260924-075317,2026-09-24 07:53:17
demofac00656,,,,,,f,0.4218,[],v20260924-075317,2026-09-24 07:53:17
demofac00657,,,,,,t,0.6332,"[{""code"": ""UNUSUAL_PATTERN"", ""values"": {}}]",v20260924-075317,2026-09-24 07:53:17
demofac00658,,,,,,f,0.3825,[],v20260924-075317,2026-09-24 07:53:17
demofac00659,,,,,,f,0.4028,[],v20260924-075317,2026-09-24 07:53:17
demofac00660,,,,,,f,0.3726,[],v20260924-075317,2026-09-24 07:53:17
demofac00661,,,,,,f,0.3685,[],v20260924-075317,2026-09-24 07:53:17
demofac00662,,,,,,f,0.3700,[],v20260924-075317,2026-09-24 07:53:17
demofac00663,,,,,,f,0.4190,[],v20260924-075317,2026-09-24 07:53:17
demofac00664,,,,,,f,0.3840,[],v20260924-075317,2026-09-24 07:53:17
demofac00665,,,,,,f,0.5677,[],v20260924-075317,2026-09-24 07:53:17
demofac00666,,,,,,f,0.4678,[],v20260924-075317,2026-09-24 07:53:17
demofac00667,,,,,,f,0.3520,[],v20260924-075317,2026-09-24 07:53:17
demofac00668,,,,,,f,0.5134,[],v20260924-075317,2026-09-24 07:53:17
demofac00670,,,,,,f,0.4213,[],v20260924-075317,2026-09-24 07:53:17
demofac00671,,,,,,f,0.3783,[],v20260924-075317,2026-09-24 07:53:17
demofac00672,,,,,,f,0.4397,[],v20260924-075317,2026-09-24 07:53:17
demofac00673,,,,,,f,0.3866,[],v20260924-075317,2026-09-24 07:53:17
demofac00674,,,,,,f,0.3876,[],v20260924-075317,2026-09-24 07:53:17
demofac00675,,,,,,f,0.3783,[],v20260924-075317,2026-09-24 07:53:17
demofac00676,,,,,,f,0.3675,[],v20260924-075317,2026-09-24 07:53:17
demofac00677,,,,,,f,0.3632,[],v20260924-075317,2026-09-24 07:53:17
demofac00678,,,,,,f,0.3969,[],v20260924-075317,2026-09-24 07:53:17
demofac00679,,,,,,f,0.4678,[],v20260924-075317,2026-09-24 07:53:17
demofac00680,,,,,,f,0.3582,[],v20260924-075317,2026-09-24 07:53:17
demofac00681,,,,,,f,0.4330,[],v20260924-075317,2026-09-24 07:53:17
demofac00682,,,,,,f,0.4132,[],v20260924-075317,2026-09-24 07:53:17
demofac00683,,,,,,f,0.5071,[],v20260924-075317,2026-09-24 07:53:17
demofac00684,,,,,,f,0.3550,[],v20260924-075317,2026-09-24 07:53:17
demofac00686,,,,,,f,0.3934,[],v20260924-075317,2026-09-24 07:53:17
demofac00687,,,,,,f,0.6029,[],v20260924-075317,2026-09-24 07:53:17
demofac00688,,,,,,f,0.5724,[],v20260924-075317,2026-09-24 07:53:17
demofac00689,,,,,,f,0.4938,[],v20260924-075317,2026-09-24 07:53:17
demofac00690,,,,,,f,0.3598,[],v20260924-075317,2026-09-24 07:53:17
demofac00691,,,,,,f,0.4225,[],v20260924-075317,2026-09-24 07:53:17
demofac00692,,,,,,f,0.3857,[],v20260924-075317,2026-09-24 07:53:17
demofac00693,,,,,,f,0.3691,[],v20260924-075317,2026-09-24 07:53:17
demofac00694,,,,,,f,0.5098,[],v20260924-075317,2026-09-24 07:53:17
demofac00695,,,,,,f,0.4407,[],v20260924-075317,2026-09-24 07:53:17
demofac00696,,,,,,f,0.4217,[],v20260924-075317,2026-09-24 07:53:17
demofac00697,,,,,,f,0.3864,[],v20260924-075317,2026-09-24 07:53:17
demofac00698,,,,,,f,0.4966,[],v20260924-075317,2026-09-24 07:53:17
demofac00699,,,,,,f,0.3759,[],v20260924-075317,2026-09-24 07:53:17
demofac00700,,,,,,f,0.4062,[],v20260924-075317,2026-09-24 07:53:17
demofac00701,,,,,,f,0.6245,[],v20260924-075317,2026-09-24 07:53:17
demofac00702,,,,,,f,0.4235,[],v20260924-075317,2026-09-24 07:53:17
demofac00703,,,,,,f,0.3547,[],v20260924-075317,2026-09-24 07:53:17
demofac00704,,,,,,f,0.4231,[],v20260924-075317,2026-09-24 07:53:17
demofac00705,,,,,,f,0.4480,[],v20260924-075317,2026-09-24 07:53:17
demofac00706,,,,,,f,0.4691,[],v20260924-075317,2026-09-24 07:53:17
demofac00707,,,,,,t,0.6580,"[{""code"": ""UNUSUAL_QUANTITY"", ""values"": {}}]",v20260924-075317,2026-09-24 07:53:17
demofac00708,,,,,,f,0.4471,[],v20260924-075317,2026-09-24 07:53:17
demofac00709,,,,,,f,0.4375,[],v20260924-075317,2026-09-24 07:53:17
demofac00710,,,,,,f,0.4570,[],v20260924-075317,2026-09-24 07:53:17
demofac00711,,,,,,f,0.4017,[],v20260924-075317,2026-09-24 07:53:17
demofac00712,,,,,,f,0.5349,[],v20260924-075317,2026-09-24 07:53:17
demofac00713,,,,,,f,0.3597,[],v20260924-075317,2026-09-24 07:53:17
demofac00714,,,,,,f,0.4356,[],v20260924-075317,2026-09-24 07:53:17
demofac00715,,,,,,f,0.3517,[],v20260924-075317,2026-09-24 07:53:17
demofac00716,,,,,,f,0.3762,[],v20260924-075317,2026-09-24 07:53:17
demofac00717,,,,,,f,0.3906,[],v20260924-075317,2026-09-24 07:53:17
demofac00718,,,,,,f,0.5246,[],v20260924-075317,2026-09-24 07:53:17
demofac00719,,,,,,f,0.3544,[],v20260924-075317,2026-09-24 07:53:17
demofac00720,,,,,,f,0.6043,[],v20260924-075317,2026-09-24 07:53:17
demofac00721,,,,,,f,0.3718,[],v20260924-075317,2026-09-24 07:53:17
demofac00722,,,,,,f,0.4976,[],v20260924-075317,2026-09-24 07:53:17
demofac00723,,,,,,f,0.3775,[],v20260924-075317,2026-09-24 07:53:17
demofac00724,,,,,,f,0.3526,[],v20260924-075317,2026-09-24 07:53:17
demofac00725,,,,,,f,0.5218,[],v20260924-075317,2026-09-24 07:53:17
demofac00726,,,,,,f,0.3799,[],v20260924-075317,2026-09-24 07:53:17
demofac00727,,,,,,f,0.4045,[],v20260924-075317,2026-09-24 07:53:17
demofac00728,,,,,,f,0.3632,[],v20260924-075317,2026-09-24 07:53:17
demofac00729,,,,,,f,0.5559,[],v20260924-075317,2026-09-24 07:53:17
demofac00730,,,,,,f,0.5232,[],v20260924-075317,2026-09-24 07:53:17
demofac00731,,,,,,f,0.3590,[],v20260924-075317,2026-09-24 07:53:17
demofac00732,,,,,,f,0.4705,[],v20260924-075317,2026-09-24 07:53:17
demofac00733,,,,,,f,0.3554,[],v20260924-075317,2026-09-24 07:53:17
demofac00734,,,,,,f,0.4120,[],v20260924-075317,2026-09-24 07:53:17
demofac00735,,,,,,f,0.3801,[],v20260924-075317,2026-09-24 07:53:17
demofac00736,,,,,,f,0.4285,[],v20260924-075317,2026-09-24 07:53:17
demofac00737,,,,,,f,0.3616,[],v20260924-075317,2026-09-24 07:53:17
demofac00738,,,,,,f,0.4142,[],v20260924-075317,2026-09-24 07:53:17
demofac00739,,,,,,f,0.3713,[],v20260924-075317,2026-09-24 07:53:17
demofac00740,,,,,,f,0.3672,[],v20260924-075317,2026-09-24 07:53:17
demofac00741,,,,,,f,0.3690,[],v20260924-075317,2026-09-24 07:53:17
demofac00742,,,,,,f,0.5912,[],v20260924-075317,2026-09-24 07:53:17
demofac00743,,,,,,f,0.4477,[],v20260924-075317,2026-09-24 07:53:17
demofac00744,,,,,,f,0.3559,[],v20260924-075317,2026-09-24 07:53:17
demofac00745,,,,,,f,0.4505,[],v20260924-075317,2026-09-24 07:53:17
demofac00746,,,,,,f,0.3659,[],v20260924-075317,2026-09-24 07:53:17
demofac00747,,,,,,f,0.3698,[],v20260924-075317,2026-09-24 07:53:17
demofac00748,,,,,,f,0.4701,[],v20260924-075317,2026-09-24 07:53:17
demofac00749,,,,,,f,0.3663,[],v20260924-075317,2026-09-24 07:53:17
demofac00750,,,,,,f,0.5026,[],v20260924-075317,2026-09-24 07:53:17
demofac00751,,,,,,f,0.5353,[],v20260924-075317,2026-09-24 07:53:17
demofac00752,,,,,,f,0.3840,[],v20260924-075317,2026-09-24 07:53:17
demofac00753,,,,,,f,0.5107,[],v20260924-075317,2026-09-24 07:53:17
demofac00754,,,,,,f,0.3646,[],v20260924-075317,2026-09-24 07:53:17
demofac00755,,,,,,f,0.3662,[],v20260924-075317,2026-09-24 07:53:17
demofac00756,,,,,,f,0.4350,[],v20260924-075317,2026-09-24 07:53:17
demofac00757,,,,,,f,0.4522,[],v20260924-075317,2026-09-24 07:53:17
demofac00758,,,,,,f,0.5723,[],v20260924-075317,2026-09-24 07:53:17
demofac00759,,,,,,f,0.3938,[],v20260924-075317,2026-09-24 07:53:17
demofac00760,,,,,,f,0.3722,[],v20260924-075317,2026-09-24 07:53:17
demofac00761,,,,,,f,0.4322,[],v20260924-075317,2026-09-24 07:53:17
demofac00762,,,,,,f,0.4363,[],v20260924-075317,2026-09-24 07:53:17
demofac00763,,,,,,f,0.4037,[],v20260924-075317,2026-09-24 07:53:17
demofac00764,,,,,,f,0.4450,[],v20260924-075317,2026-09-24 07:53:17
demofac00765,,,,,,f,0.3956,[],v20260924-075317,2026-09-24 07:53:17
demofac00766,,,,,,f,0.4123,[],v20260924-075317,2026-09-24 07:53:17
demofac00767,,,,,,f,0.3597,[],v20260924-075317,2026-09-24 07:53:17
demofac00768,,,,,,f,0.5178,[],v20260924-075317,2026-09-24 07:53:17
demofac00769,,,,,,f,0.3823,[],v20260924-075317,2026-09-24 07:53:17
demofac00770,,,,,,f,0.3910,[],v20260924-075317,2026-09-24 07:53:17
demofac00771,,,,,,f,0.4451,[],v20260924-075317,2026-09-24 07:53:17
demofac00772,,,,,,f,0.3553,[],v20260924-075317,2026-09-24 07:53:17
demofac00774,,,,,,f,0.4118,[],v20260924-075317,2026-09-24 07:53:17
demofac00775,,,,,,f,0.3678,[],v20260924-075317,2026-09-24 07:53:17
demofac00776,,,,,,f,0.3813,[],v20260924-075317,2026-09-24 07:53:17
demofac00777,,,,,,f,0.3863,[],v20260924-075317,2026-09-24 07:53:17
demofac00778,,,,,,f,0.3840,[],v20260924-075317,2026-09-24 07:53:17
demofac00779,,,,,,f,0.4102,[],v20260924-075317,2026-09-24 07:53:17
demofac00780,,,,,,f,0.4413,[],v20260924-075317,2026-09-24 07:53:17
demofac00782,,,,,,f,0.4182,[],v20260924-075317,2026-09-24 07:53:17
demofac00783,,,,,,f,0.3600,[],v20260924-075317,2026-09-24 07:53:17
demofac00784,,,,,,f,0.4475,[],v20260924-075317,2026-09-24 07:53:17
demofac00785,,,,,,f,0.4422,[],v20260924-075317,2026-09-24 07:53:17
demofac00786,,,,,,f,0.5340,[],v20260924-075317,2026-09-24 07:53:17
demofac00787,,,,,,f,0.4180,[],v20260924-075317,2026-09-24 07:53:17
demofac00788,,,,,,f,0.3799,[],v20260924-075317,2026-09-24 07:53:17
demofac00789,,,,,,f,0.5540,[],v20260924-075317,2026-09-24 07:53:17
demofac00790,,,,,,f,0.3619,[],v20260924-075317,2026-09-24 07:53:17
demofac00791,,,,,,f,0.4477,[],v20260924-075317,2026-09-24 07:53:17
demofac00792,,,,,,f,0.4132,[],v20260924-075317,2026-09-24 07:53:17
demofac00793,,,,,,f,0.4005,[],v20260924-075317,2026-09-24 07:53:17
demofac00794,,,,,,f,0.3799,[],v20260924-075317,2026-09-24 07:53:17
demofac00795,,,,,,f,0.4189,[],v20260924-075317,2026-09-24 07:53:17
demofac00796,,,,,,f,0.3860,[],v20260924-075317,2026-09-24 07:53:17
demofac00797,,,,,,f,0.3959,[],v20260924-075317,2026-09-24 07:53:17
demofac00798,,,,,,f,0.3805,[],v20260924-075317,2026-09-24 07:53:17
demofac00799,,,,,,f,0.4280,[],v20260924-075317,2026-09-24 07:53:17
demofac00800,,,,,,f,0.3747,[],v20260924-075317,2026-09-24 07:53:17
demofac00801,,,,,,f,0.3526,[],v20260924-075317,2026-09-24 07:53:17
demofac00803,,,,,,f,0.3800,[],v20260924-075317,2026-09-24 07:53:17
demofac00804,,,,,,f,0.4138,[],v20260924-075317,2026-09-24 07:53:17
demofac00805,,,,,,f,0.4568,[],v20260924-075317,2026-09-24 07:53:17
demofac00806,,,,,,f,0.3937,[],v20260924-075317,2026-09-24 07:53:17
demofac00807,,,,,,f,0.5246,[],v20260924-075317,2026-09-24 07:53:17
demofac00808,,,,,,f,0.4603,[],v20260924-075317,2026-09-24 07:53:17
demofac00809,,,,,,f,0.4905,[],v20260924-075317,2026-09-24 07:53:17
demofac00811,,,,,,f,0.3648,[],v20260924-075317,2026-09-24 07:53:17
demofac00812,,,,,,f,0.5012,[],v20260924-075317,2026-09-24 07:53:17
demofac00813,,,,,,f,0.3662,[],v20260924-075317,2026-09-24 07:53:17
demofac00814,,,,,,f,0.3816,[],v20260924-075317,2026-09-24 07:53:17
demofac00815,,,,,,f,0.3859,[],v20260924-075317,2026-09-24 07:53:17
demofac00816,,,,,,f,0.4016,[],v20260924-075317,2026-09-24 07:53:17
demofac00817,,,,,,f,0.4809,[],v20260924-075317,2026-09-24 07:53:17
demofac00818,,,,,,f,0.4865,[],v20260924-075317,2026-09-24 07:53:17
demofac00819,,,,,,f,0.3613,[],v20260924-075317,2026-09-24 07:53:17
demofac00820,,,,,,f,0.3834,[],v20260924-075317,2026-09-24 07:53:17
demofac00822,,,,,,f,0.3931,[],v20260924-075317,2026-09-24 07:53:17
demofac00823,,,,,,f,0.6157,[],v20260924-075317,2026-09-24 07:53:17
demofac00824,,,,,,f,0.3801,[],v20260924-075317,2026-09-24 07:53:17
demofac00825,,,,,,t,0.3931,"[{""code"": ""POSSIBLE_DUPLICATE"", ""values"": {""numero"": ""FAC-2026-0085""}}]",v20260924-075317,2026-09-24 07:53:17
demofac00826,,,,,,f,0.3658,[],v20260924-075317,2026-09-24 07:53:17
demofac00827,,,,,,f,0.4588,[],v20260924-075317,2026-09-24 07:53:17
demofac00828,,,,,,f,0.6298,[],v20260924-075317,2026-09-24 07:53:17
demofac00829,,,,,,f,0.3812,[],v20260924-075317,2026-09-24 07:53:17
demofac00830,,,,,,f,0.4948,[],v20260924-075317,2026-09-24 07:53:17
demofac00831,,,,,,f,0.5223,[],v20260924-075317,2026-09-24 07:53:17
demofac00832,,,,,,f,0.3592,[],v20260924-075317,2026-09-24 07:53:17
demofac00833,,,,,,f,0.3618,[],v20260924-075317,2026-09-24 07:53:17
demofac00834,,,,,,f,0.4176,[],v20260924-075317,2026-09-24 07:53:17
demofac00835,,,,,,f,0.5425,[],v20260924-075317,2026-09-24 07:53:17
demofac00836,,,,,,f,0.3875,[],v20260924-075317,2026-09-24 07:53:17
demofac00837,,,,,,f,0.3817,[],v20260924-075317,2026-09-24 07:53:17
demofac00838,,,,,,f,0.4121,[],v20260924-075317,2026-09-24 07:53:17
demofac00839,,,,,,f,0.3982,[],v20260924-075317,2026-09-24 07:53:17
demofac00840,,,,,,f,0.3814,[],v20260924-075317,2026-09-24 07:53:17
demofac00841,,,,,,f,0.3808,[],v20260924-075317,2026-09-24 07:53:17
demofac00842,,,,,,f,0.4657,[],v20260924-075317,2026-09-24 07:53:17
demofac00843,,,,,,f,0.5518,[],v20260924-075317,2026-09-24 07:53:17
demofac00844,,,,,,t,0.6722,"[{""code"": ""UNUSUAL_QUANTITY"", ""values"": {}}]",v20260924-075317,2026-09-24 07:53:17
demofac00845,,,,,,f,0.5447,[],v20260924-075317,2026-09-24 07:53:17
demofac00846,,,,,,f,0.4133,[],v20260924-075317,2026-09-24 07:53:17
demofac00847,,,,,,f,0.5111,[],v20260924-075317,2026-09-24 07:53:17
demofac00848,,,,,,f,0.3822,[],v20260924-075317,2026-09-24 07:53:17
demofac00849,,,,,,f,0.5724,[],v20260924-075317,2026-09-24 07:53:17
demofac00850,,,,,,f,0.4106,[],v20260924-075317,2026-09-24 07:53:17
demofac00851,,,,,,f,0.5908,[],v20260924-075317,2026-09-24 07:53:17
demofac00852,,,,,,f,0.4456,[],v20260924-075317,2026-09-24 07:53:17
demofac00853,,,,,,f,0.4619,[],v20260924-075317,2026-09-24 07:53:17
demofac00854,,,,,,f,0.4454,[],v20260924-075317,2026-09-24 07:53:17
demofac00855,,,,,,f,0.3686,[],v20260924-075317,2026-09-24 07:53:17
demofac00856,,,,,,f,0.5237,[],v20260924-075317,2026-09-24 07:53:17
demofac00857,,,,,,f,0.5579,[],v20260924-075317,2026-09-24 07:53:17
demofac00858,,,,,,f,0.4878,[],v20260924-075317,2026-09-24 07:53:17
demofac00859,,,,,,f,0.3793,[],v20260924-075317,2026-09-24 07:53:17
demofac00860,,,,,,f,0.4946,[],v20260924-075317,2026-09-24 07:53:17
demofac00861,,,,,,t,0.5933,"[{""code"": ""VAT_MISMATCH"", ""values"": {}}]",v20260924-075317,2026-09-24 07:53:17
demofac00862,,,,,,f,0.3813,[],v20260924-075317,2026-09-24 07:53:17
demofac00863,,,,,,f,0.4068,[],v20260924-075317,2026-09-24 07:53:17
demofac00864,,,,,,f,0.4425,[],v20260924-075317,2026-09-24 07:53:17
demofac00865,,,,,,f,0.4613,[],v20260924-075317,2026-09-24 07:53:17
demofac00866,,,,,,f,0.4501,[],v20260924-075317,2026-09-24 07:53:17
demofac00867,,,,,,f,0.3666,[],v20260924-075317,2026-09-24 07:53:17
demofac00868,,,,,,f,0.3898,[],v20260924-075317,2026-09-24 07:53:17
demofac00869,,,,,,f,0.3889,[],v20260924-075317,2026-09-24 07:53:17
demofac00870,,,,,,f,0.3623,[],v20260924-075317,2026-09-24 07:53:17
demofac00871,,,,,,f,0.3810,[],v20260924-075317,2026-09-24 07:53:17
demofac00872,,,,,,f,0.3651,[],v20260924-075317,2026-09-24 07:53:17
demofac00873,,,,,,f,0.4478,[],v20260924-075317,2026-09-24 07:53:17
demofac00874,,,,,,f,0.5145,[],v20260924-075317,2026-09-24 07:53:17
demofac00875,,,,,,f,0.5355,[],v20260924-075317,2026-09-24 07:53:17
demofac00876,,,,,,f,0.6308,[],v20260924-075317,2026-09-24 07:53:17
demofac00877,,,,,,f,0.5443,[],v20260924-075317,2026-09-24 07:53:17
demofac00878,,,,,,f,0.4797,[],v20260924-075317,2026-09-24 07:53:17
demofac00879,,,,,,f,0.4271,[],v20260924-075317,2026-09-24 07:53:17
demofac00880,,,,,,f,0.5781,[],v20260924-075317,2026-09-24 07:53:17
demofac00881,,,,,,f,0.3558,[],v20260924-075317,2026-09-24 07:53:17
demofac00882,,,,,,f,0.4004,[],v20260924-075317,2026-09-24 07:53:17
demofac00883,,,,,,f,0.3808,[],v20260924-075317,2026-09-24 07:53:17
demofac00884,,,,,,f,0.3544,[],v20260924-075317,2026-09-24 07:53:17
demofac00885,,,,,,f,0.4175,[],v20260924-075317,2026-09-24 07:53:17
demofac00886,,,,,,f,0.5901,[],v20260924-075317,2026-09-24 07:53:17
demofac00887,,,,,,f,0.3998,[],v20260924-075317,2026-09-24 07:53:17
demofac00888,,,,,,f,0.3811,[],v20260924-075317,2026-09-24 07:53:17
demofac00889,,,,,,f,0.3763,[],v20260924-075317,2026-09-24 07:53:17
demofac00890,,,,,,f,0.4402,[],v20260924-075317,2026-09-24 07:53:17
demofac00891,,,,,,f,0.3640,[],v20260924-075317,2026-09-24 07:53:17
demofac00892,,,,,,t,0.6693,"[{""code"": ""UNUSUAL_PATTERN"", ""values"": {}}]",v20260924-075317,2026-09-24 07:53:17
demofac00893,,,,,,f,0.3786,[],v20260924-075317,2026-09-24 07:53:17
demofac00894,,,,,,f,0.3596,[],v20260924-075317,2026-09-24 07:53:17
demofac00895,,,,,,f,0.3661,[],v20260924-075317,2026-09-24 07:53:17
demofac00896,,,,,,f,0.4136,[],v20260924-075317,2026-09-24 07:53:17
demofac00897,,,,,,f,0.5269,[],v20260924-075317,2026-09-24 07:53:17
demofac00898,,,,,,f,0.4461,[],v20260924-075317,2026-09-24 07:53:17
demofac00899,,,,,,f,0.5367,[],v20260924-075317,2026-09-24 07:53:17
demofac00900,,,,,,f,0.3716,[],v20260924-075317,2026-09-24 07:53:17
demofac00901,,,,,,f,0.3870,[],v20260924-075317,2026-09-24 07:53:17
demofac00902,,,,,,f,0.3601,[],v20260924-075317,2026-09-24 07:53:17
demofac00903,,,,,,f,0.5132,[],v20260924-075317,2026-09-24 07:53:17
demofac00904,,,,,,f,0.4651,[],v20260924-075317,2026-09-24 07:53:17
demofac00905,,,,,,f,0.3860,[],v20260924-075317,2026-09-24 07:53:17
demofac00906,,,,,,f,0.5039,[],v20260924-075317,2026-09-24 07:53:17
demofac00907,,,,,,f,0.5200,[],v20260924-075317,2026-09-24 07:53:17
demofac00908,,,,,,t,0.5300,"[{""code"": ""VAT_MISMATCH"", ""values"": {}}]",v20260924-075317,2026-09-24 07:53:17
demofac00909,,,,,,f,0.3587,[],v20260924-075317,2026-09-24 07:53:17
demofac00910,,,,,,f,0.3807,[],v20260924-075317,2026-09-24 07:53:17
demofac00911,,,,,,f,0.3740,[],v20260924-075317,2026-09-24 07:53:17
demofac00912,,,,,,f,0.4498,[],v20260924-075317,2026-09-24 07:53:17
demofac00913,,,,,,f,0.4506,[],v20260924-075317,2026-09-24 07:53:17
demofac00914,,,,,,f,0.4151,[],v20260924-075317,2026-09-24 07:53:17
demofac00915,,,,,,f,0.3885,[],v20260924-075317,2026-09-24 07:53:17
demofac00916,,,,,,f,0.3543,[],v20260924-075317,2026-09-24 07:53:17
demofac00917,,,,,,f,0.4549,[],v20260924-075317,2026-09-24 07:53:17
demofac00918,,,,,,f,0.3932,[],v20260924-075317,2026-09-24 07:53:17
demofac00919,,,,,,f,0.4768,[],v20260924-075317,2026-09-24 07:53:17
demofac00920,,,,,,f,0.4101,[],v20260924-075317,2026-09-24 07:53:17
demofac00921,,,,,,f,0.3928,[],v20260924-075317,2026-09-24 07:53:17
demofac00922,,,,,,f,0.4128,[],v20260924-075317,2026-09-24 07:53:17
demofac00923,,,,,,f,0.4428,[],v20260924-075317,2026-09-24 07:53:17
demofac00924,,,,,,f,0.4355,[],v20260924-075317,2026-09-24 07:53:17
demofac00925,,,,,,f,0.3591,[],v20260924-075317,2026-09-24 07:53:17
demofac00926,,,,,,f,0.3537,[],v20260924-075317,2026-09-24 07:53:17
demofac00927,,,,,,f,0.5420,[],v20260924-075317,2026-09-24 07:53:17
demofac00928,,,,,,f,0.4411,[],v20260924-075317,2026-09-24 07:53:17
demofac00929,,,,,,f,0.4050,[],v20260924-075317,2026-09-24 07:53:17
demofac00931,,,,,,f,0.4551,[],v20260924-075317,2026-09-24 07:53:17
demofac00932,,,,,,f,0.4312,[],v20260924-075317,2026-09-24 07:53:17
demofac00933,,,,,,f,0.4389,[],v20260924-075317,2026-09-24 07:53:17
demofac00934,,,,,,f,0.4394,[],v20260924-075317,2026-09-24 07:53:17
demofac00935,,,,,,f,0.3890,[],v20260924-075317,2026-09-24 07:53:17
demofac00936,,,,,,f,0.4993,[],v20260924-075317,2026-09-24 07:53:17
demofac00938,,,,,,f,0.5958,[],v20260924-075317,2026-09-24 07:53:17
demofac00939,,,,,,f,0.3959,[],v20260924-075317,2026-09-24 07:53:17
demofac00940,,,,,,f,0.3843,[],v20260924-075317,2026-09-24 07:53:17
demofac00941,,,,,,f,0.3520,[],v20260924-075317,2026-09-24 07:53:17
demofac00942,,,,,,t,0.6751,"[{""code"": ""UNUSUAL_DISCOUNT"", ""values"": {""pct"": 60}}]",v20260924-075317,2026-09-24 07:53:17
demofac00943,,,,,,f,0.3636,[],v20260924-075317,2026-09-24 07:53:17
demofac00944,,,,,,f,0.4239,[],v20260924-075317,2026-09-24 07:53:17
demofac00945,,,,,,f,0.3781,[],v20260924-075317,2026-09-24 07:53:17
demofac00947,,,,,,f,0.4135,[],v20260924-075317,2026-09-24 07:53:17
demofac00948,,,,,,f,0.3815,[],v20260924-075317,2026-09-24 07:53:17
demofac00949,,,,,,f,0.4436,[],v20260924-075317,2026-09-24 07:53:17
demofac00950,,,,,,f,0.3574,[],v20260924-075317,2026-09-24 07:53:17
demofac00951,,,,,,f,0.4761,[],v20260924-075317,2026-09-24 07:53:17
demofac00952,,,,,,f,0.4346,[],v20260924-075317,2026-09-24 07:53:17
demofac00953,,,,,,f,0.5111,[],v20260924-075317,2026-09-24 07:53:17
demofac00954,,,,,,f,0.3716,[],v20260924-075317,2026-09-24 07:53:17
demofac00955,,,,,,f,0.3590,[],v20260924-075317,2026-09-24 07:53:17
demofac00956,,,,,,f,0.3541,[],v20260924-075317,2026-09-24 07:53:17
demofac00957,,,,,,f,0.4886,[],v20260924-075317,2026-09-24 07:53:17
demofac00959,,,,,,f,0.3676,[],v20260924-075317,2026-09-24 07:53:17
demofac00960,,,,,,f,0.4289,[],v20260924-075317,2026-09-24 07:53:17
demofac00961,,,,,,f,0.3887,[],v20260924-075317,2026-09-24 07:53:17
demofac00962,,,,,,f,0.4647,[],v20260924-075317,2026-09-24 07:53:17
demofac00963,,,,,,f,0.5037,[],v20260924-075317,2026-09-24 07:53:17
demofac00964,,,,,,f,0.4567,[],v20260924-075317,2026-09-24 07:53:17
demofac00965,,,,,,f,0.4878,[],v20260924-075317,2026-09-24 07:53:17
demofac00966,,,,,,f,0.4554,[],v20260924-075317,2026-09-24 07:53:17
demofac00967,,,,,,f,0.3751,[],v20260924-075317,2026-09-24 07:53:17
demofac00968,,,,,,f,0.3750,[],v20260924-075317,2026-09-24 07:53:17
demofac00969,,,,,,f,0.4113,[],v20260924-075317,2026-09-24 07:53:17
demofac00970,,,,,,f,0.4652,[],v20260924-075317,2026-09-24 07:53:17
demofac00971,,,,,,f,0.4738,[],v20260924-075317,2026-09-24 07:53:17
demofac00972,,,,,,f,0.4460,[],v20260924-075317,2026-09-24 07:53:17
demofac00973,,,,,,f,0.3740,[],v20260924-075317,2026-09-24 07:53:17
demofac00974,,,,,,f,0.4528,[],v20260924-075317,2026-09-24 07:53:17
demofac00975,,,,,,f,0.3687,[],v20260924-075317,2026-09-24 07:53:17
demofac00976,,,,,,f,0.4603,[],v20260924-075317,2026-09-24 07:53:17
demofac00977,,,,,,f,0.5350,[],v20260924-075317,2026-09-24 07:53:17
demofac00978,,,,,,f,0.3592,[],v20260924-075317,2026-09-24 07:53:17
demofac00979,,,,,,t,0.4603,"[{""code"": ""POSSIBLE_DUPLICATE"", ""values"": {""numero"": ""FAC-2026-0239""}}]",v20260924-075317,2026-09-24 07:53:17
demofac00980,,,,,,f,0.5365,[],v20260924-075317,2026-09-24 07:53:17
demofac00981,,,,,,f,0.3590,[],v20260924-075317,2026-09-24 07:53:17
demofac00982,,,,,,f,0.4101,[],v20260924-075317,2026-09-24 07:53:17
demofac00983,,,,,,t,0.6804,"[{""code"": ""UNUSUAL_DISCOUNT"", ""values"": {""pct"": 84}}]",v20260924-075317,2026-09-24 07:53:17
demofac00984,,,,,,f,0.3711,[],v20260924-075317,2026-09-24 07:53:17
demofac00985,,,,,,f,0.5390,[],v20260924-075317,2026-09-24 07:53:17
demofac00986,,,,,,f,0.4983,[],v20260924-075317,2026-09-24 07:53:17
demofac00987,,,,,,f,0.4392,[],v20260924-075317,2026-09-24 07:53:17
demofac00988,,,,,,f,0.3537,[],v20260924-075317,2026-09-24 07:53:17
demofac00989,,,,,,f,0.3591,[],v20260924-075317,2026-09-24 07:53:17
demofac00990,,,,,,f,0.5349,[],v20260924-075317,2026-09-24 07:53:17
demofac00991,,,,,,f,0.4116,[],v20260924-075317,2026-09-24 07:53:17
demofac00992,,,,,,f,0.3688,[],v20260924-075317,2026-09-24 07:53:17
demofac00993,,,,,,f,0.3841,[],v20260924-075317,2026-09-24 07:53:17
demofac00994,,,,,,f,0.4244,[],v20260924-075317,2026-09-24 07:53:17
demofac00995,,,,,,f,0.4745,[],v20260924-075317,2026-09-24 07:53:17
demofac00996,,,,,,f,0.3612,[],v20260924-075317,2026-09-24 07:53:17
demofac00997,,,,,,t,0.7082,"[{""code"": ""UNUSUAL_DISCOUNT"", ""values"": {""pct"": 69}}]",v20260924-075317,2026-09-24 07:53:17
demofac00998,,,,,,f,0.4463,[],v20260924-075317,2026-09-24 07:53:17
demofac00999,,,,,,f,0.4156,[],v20260924-075317,2026-09-24 07:53:17
demofac01000,,,,,,f,0.4479,[],v20260924-075317,2026-09-24 07:53:17
demofac01001,,,,,,f,0.3966,[],v20260924-075317,2026-09-24 07:53:17
demofac01002,,,,,,f,0.3824,[],v20260924-075317,2026-09-24 07:53:17
demofac01003,,,,,,t,0.3824,"[{""code"": ""POSSIBLE_DUPLICATE"", ""values"": {""numero"": ""FAC-2026-0265""}}]",v20260924-075317,2026-09-24 07:53:17
demofac01005,,,,,,f,0.5596,[],v20260924-075317,2026-09-24 07:53:17
demofac01006,,,,,,f,0.4131,[],v20260924-075317,2026-09-24 07:53:17
demofac01008,,,,,,f,0.3799,[],v20260924-075317,2026-09-24 07:53:17
demofac01009,,,,,,f,0.4381,[],v20260924-075317,2026-09-24 07:53:17
demofac01010,,,,,,f,0.3548,[],v20260924-075317,2026-09-24 07:53:17
demofac01011,,,,,,f,0.4793,[],v20260924-075317,2026-09-24 07:53:17
demofac01012,,,,,,f,0.3794,[],v20260924-075317,2026-09-24 07:53:17
demofac01013,,,,,,f,0.3693,[],v20260924-075317,2026-09-24 07:53:17
demofac01014,,,,,,f,0.3864,[],v20260924-075317,2026-09-24 07:53:17
demofac01015,,,,,,f,0.4749,[],v20260924-075317,2026-09-24 07:53:17
demofac01016,,,,,,f,0.4140,[],v20260924-075317,2026-09-24 07:53:17
demofac01017,,,,,,f,0.4538,[],v20260924-075317,2026-09-24 07:53:17
demofac01018,,,,,,f,0.3716,[],v20260924-075317,2026-09-24 07:53:17
demofac01019,,,,,,f,0.3726,[],v20260924-075317,2026-09-24 07:53:17
demofac01020,,,,,,f,0.4777,[],v20260924-075317,2026-09-24 07:53:17
demofac01021,,,,,,f,0.4072,[],v20260924-075317,2026-09-24 07:53:17
demofac01022,,,,,,f,0.3680,[],v20260924-075317,2026-09-24 07:53:17
demofac01023,,,,,,f,0.4828,[],v20260924-075317,2026-09-24 07:53:17
demofac01025,,,,,,f,0.5177,[],v20260924-075317,2026-09-24 07:53:17
demofac01026,,,,,,f,0.4192,[],v20260924-075317,2026-09-24 07:53:17
demofac01027,,,,,,f,0.3536,[],v20260924-075317,2026-09-24 07:53:17
demofac01028,,,,,,f,0.4083,[],v20260924-075317,2026-09-24 07:53:17
demofac01029,,,,,,f,0.4149,[],v20260924-075317,2026-09-24 07:53:17
demofac01030,,,,,,f,0.3776,[],v20260924-075317,2026-09-24 07:53:17
demofac01031,,,,,,f,0.4077,[],v20260924-075317,2026-09-24 07:53:17
demofac01032,,,,,,f,0.4369,[],v20260924-075317,2026-09-24 07:53:17
demofac01033,,,,,,f,0.3586,[],v20260924-075317,2026-09-24 07:53:17
demofac01034,,,,,,f,0.4060,[],v20260924-075317,2026-09-24 07:53:17
demofac01035,,,,,,f,0.4258,[],v20260924-075317,2026-09-24 07:53:17
demofac01036,,,,,,f,0.4652,[],v20260924-075317,2026-09-24 07:53:17
demofac01037,,,,,,f,0.4480,[],v20260924-075317,2026-09-24 07:53:17
demofac01038,,,,,,f,0.3891,[],v20260924-075317,2026-09-24 07:53:17
demofac01039,,,,,,f,0.5524,[],v20260924-075317,2026-09-24 07:53:17
demofac01040,,,,,,f,0.3824,[],v20260924-075317,2026-09-24 07:53:17
demofac01041,,,,,,f,0.4509,[],v20260924-075317,2026-09-24 07:53:17
demofac01042,,,,,,f,0.5171,[],v20260924-075317,2026-09-24 07:53:17
demofac01043,,,,,,f,0.4918,[],v20260924-075317,2026-09-24 07:53:17
demofac01044,,,,,,f,0.3870,[],v20260924-075317,2026-09-24 07:53:17
demofac01045,,,,,,f,0.5285,[],v20260924-075317,2026-09-24 07:53:17
demofac01046,,,,,,f,0.3726,[],v20260924-075317,2026-09-24 07:53:17
demofac01047,,,,,,f,0.5004,[],v20260924-075317,2026-09-24 07:53:17
demofac01048,,,,,,f,0.3664,[],v20260924-075317,2026-09-24 07:53:17
demofac01049,,,,,,f,0.3733,[],v20260924-075317,2026-09-24 07:53:17
demofac01050,,,,,,f,0.5151,[],v20260924-075317,2026-09-24 07:53:17
demofac01051,,,,,,f,0.3660,[],v20260924-075317,2026-09-24 07:53:17
demofac01052,,,,,,t,0.6807,"[{""code"": ""UNUSUAL_DISCOUNT"", ""values"": {""pct"": 73}}]",v20260924-075317,2026-09-24 07:53:17
demofac01053,,,,,,f,0.4618,[],v20260924-075317,2026-09-24 07:53:17
demofac01054,,,,,,f,0.3903,[],v20260924-075317,2026-09-24 07:53:17
demofac01055,,,,,,f,0.3983,[],v20260924-075317,2026-09-24 07:53:17
demofac01056,,,,,,f,0.4235,[],v20260924-075317,2026-09-24 07:53:17
demofac01057,,,,,,f,0.4483,[],v20260924-075317,2026-09-24 07:53:17
demofac01058,,,,,,f,0.3582,[],v20260924-075317,2026-09-24 07:53:17
demofac01059,,,,,,t,0.6405,"[{""code"": ""UNUSUAL_PATTERN"", ""values"": {}}]",v20260924-075317,2026-09-24 07:53:17
demofac01060,,,,,,f,0.3659,[],v20260924-075317,2026-09-24 07:53:17
demofac01061,,,,,,f,0.3928,[],v20260924-075317,2026-09-24 07:53:17
demofac01062,,,,,,f,0.4646,[],v20260924-075317,2026-09-24 07:53:17
demofac01063,,,,,,t,0.6613,"[{""code"": ""UNUSUAL_DISCOUNT"", ""values"": {""pct"": 69}}]",v20260924-075317,2026-09-24 07:53:17
demofac01064,,,,,,f,0.4936,[],v20260924-075317,2026-09-24 07:53:17
demofac01065,,,,,,f,0.3558,[],v20260924-075317,2026-09-24 07:53:17
demofac01066,,,,,,f,0.4538,[],v20260924-075317,2026-09-24 07:53:17
demofac01067,,,,,,f,0.4394,[],v20260924-075317,2026-09-24 07:53:17
demofac01068,,,,,,f,0.4344,[],v20260924-075317,2026-09-24 07:53:17
demofac01069,,,,,,f,0.5954,[],v20260924-075317,2026-09-24 07:53:17
demofac01070,,,,,,f,0.3873,[],v20260924-075317,2026-09-24 07:53:17
demofac01071,,,,,,t,0.4600,"[{""code"": ""VAT_MISMATCH"", ""values"": {}}]",v20260924-075317,2026-09-24 07:53:17
demofac01072,,,,,,f,0.5193,[],v20260924-075317,2026-09-24 07:53:17
demofac01073,,,,,,f,0.3613,[],v20260924-075317,2026-09-24 07:53:17
demofac01074,,,,,,f,0.5482,[],v20260924-075317,2026-09-24 07:53:17
demofac01075,,,,,,f,0.4671,[],v20260924-075317,2026-09-24 07:53:17
demofac01076,,,,,,f,0.6192,[],v20260924-075317,2026-09-24 07:53:17
demofac01077,,,,,,f,0.4728,[],v20260924-075317,2026-09-24 07:53:17
demofac01078,,,,,,f,0.4526,[],v20260924-075317,2026-09-24 07:53:17
demofac01079,,,,,,f,0.5958,[],v20260924-075317,2026-09-24 07:53:17
demofac01080,,,,,,f,0.3701,[],v20260924-075317,2026-09-24 07:53:17
demofac01081,,,,,,f,0.5045,[],v20260924-075317,2026-09-24 07:53:17
demofac01082,,,,,,f,0.5698,[],v20260924-075317,2026-09-24 07:53:17
demofac01083,,,,,,f,0.3520,[],v20260924-075317,2026-09-24 07:53:17
demofac01084,,,,,,f,0.5352,[],v20260924-075317,2026-09-24 07:53:17
demofac01085,,,,,,f,0.3528,[],v20260924-075317,2026-09-24 07:53:17
demofac01086,,,,,,f,0.3807,[],v20260924-075317,2026-09-24 07:53:17
demofac01087,,,,,,f,0.3551,[],v20260924-075317,2026-09-24 07:53:17
demofac01088,,,,,,f,0.3668,[],v20260924-075317,2026-09-24 07:53:17
demofac01089,,,,,,f,0.5637,[],v20260924-075317,2026-09-24 07:53:17
demofac01090,,,,,,f,0.3998,[],v20260924-075317,2026-09-24 07:53:17
demofac01091,,,,,,f,0.3832,[],v20260924-075317,2026-09-24 07:53:17
demofac01092,,,,,,f,0.3755,[],v20260924-075317,2026-09-24 07:53:17
demofac01093,,,,,,f,0.3743,[],v20260924-075317,2026-09-24 07:53:17
demofac01094,,,,,,f,0.3721,[],v20260924-075317,2026-09-24 07:53:17
demofac01095,,,,,,f,0.4999,[],v20260924-075317,2026-09-24 07:53:17
demofac01096,,,,,,f,0.5005,[],v20260924-075317,2026-09-24 07:53:17
demofac01097,,,,,,f,0.3544,[],v20260924-075317,2026-09-24 07:53:17
demofac01098,,,,,,f,0.5712,[],v20260924-075317,2026-09-24 07:53:17
demofac01100,,,,,,f,0.3598,[],v20260924-075317,2026-09-24 07:53:17
demofac01101,,,,,,f,0.3599,[],v20260924-075317,2026-09-24 07:53:17
demofac01102,,,,,,f,0.3622,[],v20260924-075317,2026-09-24 07:53:17
demofac01103,,,,,,f,0.4444,[],v20260924-075317,2026-09-24 07:53:17
demofac01104,,,,,,f,0.4218,[],v20260924-075317,2026-09-24 07:53:17
demofac01105,,,,,,f,0.4956,[],v20260924-075317,2026-09-24 07:53:17
demofac01106,,,,,,f,0.3728,[],v20260924-075317,2026-09-24 07:53:17
demofac01107,,,,,,f,0.3520,[],v20260924-075317,2026-09-24 07:53:17
demofac01108,,,,,,f,0.4718,[],v20260924-075317,2026-09-24 07:53:17
demofac01109,,,,,,f,0.3704,[],v20260924-075317,2026-09-24 07:53:17
demofac01110,,,,,,f,0.4835,[],v20260924-075317,2026-09-24 07:53:17
demofac01111,0.0849,LOW,"[{""code"": ""OPEN_BALANCE"", ""values"": {""count"": 3, ""amount"": 36224.655}}]",0,2026-09-25 10:00:00,f,0.4445,[],v20260924-075317,2026-09-24 07:53:17
demofac01112,,,,,,f,0.4059,[],v20260924-075317,2026-09-24 07:53:17
demofac01113,,,,,,f,0.3935,[],v20260924-075317,2026-09-24 07:53:17
demofac01114,,,,,,f,0.3617,[],v20260924-075317,2026-09-24 07:53:17
demofac01115,,,,,,f,0.4176,[],v20260924-075317,2026-09-24 07:53:17
demofac01116,,,,,,f,0.3726,[],v20260924-075317,2026-09-24 07:53:17
demofac01117,,,,,,f,0.4687,[],v20260924-075317,2026-09-24 07:53:17
demofac01118,,,,,,f,0.3810,[],v20260924-075317,2026-09-24 07:53:17
demofac01119,,,,,,f,0.4046,[],v20260924-075317,2026-09-24 07:53:17
demofac01120,,,,,,f,0.3801,[],v20260924-075317,2026-09-24 07:53:17
demofac01121,,,,,,f,0.3936,[],v20260924-075317,2026-09-24 07:53:17
demofac01122,0.0145,LOW,[],2,2026-09-28 10:00:00,f,0.3712,[],v20260924-075317,2026-09-24 07:53:17
demofac01123,,,,,,f,0.3676,[],v20260924-075317,2026-09-24 07:53:17
demofac01124,,,,,,f,0.5320,[],v20260924-075317,2026-09-24 07:53:17
demofac01125,0.7529,HIGH,"[{""code"": ""CLIENT_AVG_DELAY"", ""values"": {""days"": 32}}, {""code"": ""CLIENT_LATE_HISTORY"", ""values"": {""late"": 18, ""rate"": 78, ""known"": 23}}, {""code"": ""OPEN_BALANCE"", ""values"": {""count"": 6, ""amount"": 73636.986}}]",17,2026-10-14 10:00:00,f,0.5391,[],v20260924-075317,2026-09-24 07:53:17
demofac01126,,,,,,f,0.4464,[],v20260924-075317,2026-09-24 07:53:17
demofac01127,,,,,,f,0.4022,[],v20260924-075317,2026-09-24 07:53:17
demofac01128,,,,,,f,0.3685,[],v20260924-075317,2026-09-24 07:53:17
demofac01129,0.3911,MEDIUM,"[{""code"": ""CLIENT_LATE_HISTORY"", ""values"": {""late"": 9, ""rate"": 69, ""known"": 13}}, {""code"": ""CLIENT_AVG_DELAY"", ""values"": {""days"": 24}}]",15,2026-10-15 10:00:00,f,0.4333,[],v20260924-075317,2026-09-24 07:53:17
demofac01130,,,,,,f,0.4185,[],v20260924-075317,2026-09-24 07:53:17
demofac01131,,,,,,f,0.3582,[],v20260924-075317,2026-09-24 07:53:17
demofac01132,,,,,,f,0.3573,[],v20260924-075317,2026-09-24 07:53:17
demofac01133,0.0425,LOW,[],1,2026-09-25 10:00:00,f,0.4591,[],v20260924-075317,2026-09-24 07:53:17
demofac01134,,,,,,f,0.4134,[],v20260924-075317,2026-09-24 07:53:17
demofac01135,,,,,,f,0.3809,[],v20260924-075317,2026-09-24 07:53:17
demofac01136,,,,,,f,0.3757,[],v20260924-075317,2026-09-24 07:53:17
demofac01137,0.0289,LOW,"[{""code"": ""OPEN_BALANCE"", ""values"": {""count"": 4, ""amount"": 90692.342}}]",-4,2026-10-04 10:00:00,f,0.5354,[],v20260924-075317,2026-09-24 07:53:17
demofac01138,0.0133,LOW,"[{""code"": ""LARGE_AMOUNT"", ""values"": {""ratio"": 1.5}}, {""code"": ""OPEN_BALANCE"", ""values"": {""count"": 5, ""amount"": 91692.942}}]",-3,2026-10-06 10:00:00,f,0.3799,[],v20260924-075317,2026-09-24 07:53:17
demofac01139,,,,,,f,0.3650,[],v20260924-075317,2026-09-24 07:53:17
demofac01140,,,,,,f,0.4147,[],v20260924-075317,2026-09-24 07:53:17
demofac01141,,,,,,f,0.3736,[],v20260924-075317,2026-09-24 07:53:17
demofac01142,,,,,,f,0.4050,[],v20260924-075317,2026-09-24 07:53:17
demofac01143,,,,,,f,0.4419,[],v20260924-075317,2026-09-24 07:53:17
demofac01144,0.0496,LOW,[],0,2026-09-28 10:00:00,f,0.3585,[],v20260924-075317,2026-09-24 07:53:17
demofac01145,,,,,,f,0.3747,[],v20260924-075317,2026-09-24 07:53:17
demofac01146,,,,,,f,0.5536,[],v20260924-075317,2026-09-24 07:53:17
demofac01147,0.0091,LOW,"[{""code"": ""LARGE_AMOUNT"", ""values"": {""ratio"": 1.6}}]",-1,2026-10-14 10:00:00,f,0.4025,[],v20260924-075317,2026-09-24 07:53:17
demofac01148,,,,,,f,0.3800,[],v20260924-075317,2026-09-24 07:53:17
demofac01149,0.8640,HIGH,"[{""code"": ""CLIENT_AVG_DELAY"", ""values"": {""days"": 38}}, {""code"": ""CLIENT_LATE_HISTORY"", ""values"": {""late"": 7, ""rate"": 100, ""known"": 7}}, {""code"": ""OPEN_BALANCE"", ""values"": {""count"": 1, ""amount"": 23053}}]",30,2026-10-31 10:00:00,f,0.3961,[],v20260924-075317,2026-09-24 07:53:17
demofac01150,0.2345,LOW,"[{""code"": ""LARGE_AMOUNT"", ""values"": {""ratio"": 2.8}}]",2,2026-09-25 10:00:00,f,0.4234,[],v20260924-075317,2026-09-24 07:53:17
demofac01151,,,,,,f,0.5487,[],v20260924-075317,2026-09-24 07:53:17
demofac01152,0.0083,LOW,[],-1,2026-10-03 10:00:00,f,0.3790,[],v20260924-075317,2026-09-24 07:53:17
demofac01153,0.1025,LOW,[],1,2026-10-07 10:00:00,f,0.4676,[],v20260924-075317,2026-09-24 07:53:17
demofac01154,,,,,,f,0.4320,[],v20260924-075317,2026-09-24 07:53:17
demofac01155,,,,,,f,0.3647,[],v20260924-075317,2026-09-24 07:53:17
demofac01156,,,,,,f,0.3959,[],v20260924-075317,2026-09-24 07:53:17
demofac01157,0.1799,LOW,"[{""code"": ""LARGE_AMOUNT"", ""values"": {""ratio"": 5.7}}]",3,2026-09-26 10:00:00,t,0.6627,"[{""code"": ""UNUSUAL_PATTERN"", ""values"": {}}]",v20260924-075317,2026-09-24 07:53:17
demofac01158,,,,,,f,0.4343,[],v20260924-075317,2026-09-24 07:53:17
demofac01159,,,,,,f,0.5500,[],v20260924-075317,2026-09-24 07:53:17
demofac01160,,,,,,f,0.3761,[],v20260924-075317,2026-09-24 07:53:17
demofac01161,0.0751,LOW,"[{""code"": ""LARGE_AMOUNT"", ""values"": {""ratio"": 2.3}}]",2,2026-09-27 10:00:00,f,0.5186,[],v20260924-075317,2026-09-24 07:53:17
demofac01162,0.0664,LOW,"[{""code"": ""LARGE_AMOUNT"", ""values"": {""ratio"": 2.3}}]",0,2026-10-10 10:00:00,f,0.5535,[],v20260924-075317,2026-09-24 07:53:17
demofac01163,,,,,,f,0.3576,[],v20260924-075317,2026-09-24 07:53:17
demofac01164,,,,,,f,0.3675,[],v20260924-075317,2026-09-24 07:53:17
demofac01165,0.2228,LOW,"[{""code"": ""OPEN_BALANCE"", ""values"": {""count"": 1, ""amount"": 34318.22}}]",2,2026-10-01 10:00:00,f,0.4427,[],v20260924-075317,2026-09-24 07:53:17
demofac01166,,,,,,f,0.3979,[],v20260924-075317,2026-09-24 07:53:17
demofac01167,0.0202,LOW,[],-1,2026-09-28 10:00:00,f,0.6104,[],v20260924-075317,2026-09-24 07:53:17
demofac01168,0.1425,LOW,"[{""code"": ""QUARTER_END"", ""values"": {}}, {""code"": ""CLIENT_LATE_HISTORY"", ""values"": {""late"": 8, ""rate"": 44, ""known"": 18}}]",0,2026-10-01 10:00:00,f,0.4432,[],v20260924-075317,2026-09-24 07:53:17
demofac01169,0.6372,HIGH,"[{""code"": ""CLIENT_AVG_DELAY"", ""values"": {""days"": 33}}, {""code"": ""CLIENT_LATE_HISTORY"", ""values"": {""late"": 20, ""rate"": 80, ""known"": 25}}, {""code"": ""QUARTER_END"", ""values"": {}}]",17,2026-11-18 10:00:00,f,0.3656,[],v20260924-075317,2026-09-24 07:53:17
demofac01170,0.7117,HIGH,"[{""code"": ""CLIENT_LATE_HISTORY"", ""values"": {""late"": 2, ""rate"": 100, ""known"": 2}}, {""code"": ""CLIENT_AVG_DELAY"", ""values"": {""days"": 20}}, {""code"": ""QUARTER_END"", ""values"": {}}]",22,2026-10-09 10:00:00,f,0.5382,[],v20260924-075317,2026-09-24 07:53:17
demofac01171,0.5224,HIGH,"[{""code"": ""CLIENT_LATE_HISTORY"", ""values"": {""late"": 9, ""rate"": 64, ""known"": 14}}, {""code"": ""CLIENT_AVG_DELAY"", ""values"": {""days"": 21}}, {""code"": ""QUARTER_END"", ""values"": {}}]",13,2026-11-14 10:00:00,f,0.4613,[],v20260924-075317,2026-09-24 07:53:17
demofac01172,0.8007,HIGH,"[{""code"": ""CLIENT_AVG_DELAY"", ""values"": {""days"": 25}}, {""code"": ""CLIENT_LATE_HISTORY"", ""values"": {""late"": 5, ""rate"": 71, ""known"": 7}}, {""code"": ""QUARTER_END"", ""values"": {}}]",16,2026-10-04 10:00:00,f,0.4661,[],v20260924-075317,2026-09-24 07:53:17
demofac01173,0.1164,LOW,"[{""code"": ""QUARTER_END"", ""values"": {}}]",-2,2026-10-17 10:00:00,f,0.4288,[],v20260924-075317,2026-09-24 07:53:17
demofac01174,,,,,,f,0.4179,[],v20260924-075317,2026-09-24 07:53:17
demofac01175,0.0922,LOW,"[{""code"": ""QUARTER_END"", ""values"": {}}, {""code"": ""LARGE_AMOUNT"", ""values"": {""ratio"": 1.8}}]",-2,2026-10-03 10:00:00,f,0.4578,[],v20260924-075317,2026-09-24 07:53:17
demofac01176,,,,,,f,0.4719,[],v20260924-075317,2026-09-24 07:53:17
demofac01177,,,,,,f,0.3823,[],v20260924-075317,2026-09-24 07:53:17
demofac01178,0.1875,LOW,"[{""code"": ""QUARTER_END"", ""values"": {}}, {""code"": ""CLIENT_AVG_DELAY"", ""values"": {""days"": 11}}, {""code"": ""SHORT_TERMS"", ""values"": {""days"": 15}}]",4,2026-09-26 10:00:00,f,0.4054,[],v20260924-075317,2026-09-24 07:53:17
demofac01179,0.8215,HIGH,"[{""code"": ""CLIENT_AVG_DELAY"", ""values"": {""days"": 38}}, {""code"": ""CLIENT_LATE_HISTORY"", ""values"": {""late"": 7, ""rate"": 100, ""known"": 7}}, {""code"": ""QUARTER_END"", ""values"": {}}]",21,2026-11-13 10:00:00,f,0.4377,[],v20260924-075317,2026-09-24 07:53:17
demofac01180,0.7760,HIGH,"[{""code"": ""CLIENT_LATE_HISTORY"", ""values"": {""late"": 12, ""rate"": 75, ""known"": 16}}, {""code"": ""CLIENT_AVG_DELAY"", ""values"": {""days"": 26}}, {""code"": ""QUARTER_END"", ""values"": {}}]",16,2026-10-24 10:00:00,f,0.3571,[],v20260924-075317,2026-09-24 07:53:17
demofac01181,0.4183,MEDIUM,"[{""code"": ""QUARTER_END"", ""values"": {}}, {""code"": ""LARGE_AMOUNT"", ""values"": {""ratio"": 1.4}}, {""code"": ""OPEN_BALANCE"", ""values"": {""count"": 1, ""amount"": 58660.86}}]",7,2026-10-15 10:00:00,f,0.4645,[],v20260924-075317,2026-09-24 07:53:17
demofac01182,0.7438,HIGH,"[{""code"": ""CLIENT_LATE_HISTORY"", ""values"": {""late"": 12, ""rate"": 75, ""known"": 16}}, {""code"": ""CLIENT_AVG_DELAY"", ""values"": {""days"": 26}}, {""code"": ""QUARTER_END"", ""values"": {}}]",15,2026-10-23 10:00:00,f,0.5768,[],v20260924-075317,2026-09-24 07:53:17
demofac01183,0.0453,LOW,"[{""code"": ""QUARTER_END"", ""values"": {}}, {""code"": ""OPEN_BALANCE"", ""values"": {""count"": 3, ""amount"": 20090.2}}]",-7,2026-10-01 10:00:00,f,0.5249,[],v20260924-075317,2026-09-24 07:53:17
demofac01184,0.9417,HIGH,"[{""code"": ""CLIENT_AVG_DELAY"", ""values"": {""days"": 26}}, {""code"": ""CLIENT_LATE_HISTORY"", ""values"": {""late"": 5, ""rate"": 62, ""known"": 8}}, {""code"": ""LARGE_AMOUNT"", ""values"": {""ratio"": 3.1}}]",24,2026-11-02 10:00:00,f,0.4917,[],v20260924-075317,2026-09-24 07:53:17
demofac01185,0.1550,LOW,"[{""code"": ""QUARTER_END"", ""values"": {}}, {""code"": ""SHORT_TERMS"", ""values"": {""days"": 15}}]",2,2026-09-27 10:00:00,f,0.3801,[],v20260924-075317,2026-09-24 07:53:17
demofac01186,,,,,,f,0.3597,[],v20260924-075317,2026-09-24 07:53:17
demofac01187,0.5953,HIGH,"[{""code"": ""CLIENT_LATE_HISTORY"", ""values"": {""late"": 25, ""rate"": 78, ""known"": 32}}, {""code"": ""CLIENT_AVG_DELAY"", ""values"": {""days"": 29}}, {""code"": ""QUARTER_END"", ""values"": {}}]",12,2026-10-23 10:00:00,f,0.3593,[],v20260924-075317,2026-09-24 07:53:17
demofac01188,0.1654,LOW,"[{""code"": ""QUARTER_END"", ""values"": {}}, {""code"": ""CLIENT_LATE_HISTORY"", ""values"": {""late"": 8, ""rate"": 44, ""known"": 18}}]",2,2026-10-14 10:00:00,f,0.4517,[],v20260924-075317,2026-09-24 07:53:17
demofac01189,0.3467,MEDIUM,"[{""code"": ""QUARTER_END"", ""values"": {}}, {""code"": ""LARGE_AMOUNT"", ""values"": {""ratio"": 3.6}}]",4,2026-10-16 10:00:00,f,0.4485,[],v20260924-075317,2026-09-24 07:53:17
demofac01190,0.2316,LOW,"[{""code"": ""QUARTER_END"", ""values"": {}}, {""code"": ""OPEN_BALANCE"", ""values"": {""count"": 2, ""amount"": 77057.356}}]",5,2026-10-17 10:00:00,f,0.3748,[],v20260924-075317,2026-09-24 07:53:17
demofac01191,0.7947,HIGH,"[{""code"": ""CLIENT_AVG_DELAY"", ""values"": {""days"": 38}}, {""code"": ""CLIENT_LATE_HISTORY"", ""values"": {""late"": 7, ""rate"": 100, ""known"": 7}}, {""code"": ""QUARTER_END"", ""values"": {}}]",23,2026-11-19 10:00:00,f,0.5398,[],v20260924-075317,2026-09-24 07:53:17
demofac01192,0.1225,LOW,"[{""code"": ""QUARTER_END"", ""values"": {}}]",-1,2026-11-11 10:00:00,f,0.5713,[],v20260924-075317,2026-09-24 07:53:17
demofac01193,,,,,,f,0.4416,[],v20260924-075317,2026-09-24 07:53:17
demofac01194,0.0329,LOW,"[{""code"": ""QUARTER_END"", ""values"": {}}]",2,2026-11-01 10:00:00,f,0.3887,[],v20260924-075317,2026-09-24 07:53:17
demofac01195,0.2899,MEDIUM,"[{""code"": ""QUARTER_END"", ""values"": {}}]",4,2026-10-19 10:00:00,f,0.3763,[],v20260924-075317,2026-09-24 07:53:17
demofac01196,0.0118,LOW,"[{""code"": ""QUARTER_END"", ""values"": {}}, {""code"": ""LARGE_AMOUNT"", ""values"": {""ratio"": 4.1}}]",1,2026-10-16 10:00:00,f,0.5677,[],v20260924-075317,2026-09-24 07:53:17
demofac01197,0.3784,MEDIUM,"[{""code"": ""QUARTER_END"", ""values"": {}}, {""code"": ""LARGE_AMOUNT"", ""values"": {""ratio"": 2.7}}, {""code"": ""SHORT_TERMS"", ""values"": {""days"": 15}}]",-1,2026-09-29 10:00:00,f,0.3753,[],v20260924-075317,2026-09-24 07:53:17
demofac01198,0.0976,LOW,"[{""code"": ""QUARTER_END"", ""values"": {}}]",0,2026-10-31 10:00:00,f,0.3591,[],v20260924-075317,2026-09-24 07:53:17
demofac01199,0.1961,LOW,"[{""code"": ""QUARTER_END"", ""values"": {}}, {""code"": ""CLIENT_AVG_DELAY"", ""values"": {""days"": 9}}]",0,2026-10-16 10:00:00,f,0.4277,[],v20260924-075317,2026-09-24 07:53:17
demofac01200,,,,,,f,0.3763,[],v20260924-075317,2026-09-24 07:53:17
demofac01201,,,,,,t,0.4285,"[{""code"": ""VAT_MISMATCH"", ""values"": {}}]",v20260924-075317,2026-09-24 07:53:17
demofac01202,,,,,,f,0.3864,[],v20260924-075317,2026-09-24 07:53:17
demofac01203,0.7663,HIGH,"[{""code"": ""CLIENT_AVG_DELAY"", ""values"": {""days"": 29}}, {""code"": ""CLIENT_LATE_HISTORY"", ""values"": {""late"": 3, ""rate"": 75, ""known"": 4}}, {""code"": ""QUARTER_END"", ""values"": {}}]",16,2026-11-03 10:00:00,f,0.3779,[],v20260924-075317,2026-09-24 07:53:17
demofac01205,0.4419,MEDIUM,"[{""code"": ""CLIENT_LATE_HISTORY"", ""values"": {""late"": 12, ""rate"": 75, ""known"": 16}}, {""code"": ""CLIENT_AVG_DELAY"", ""values"": {""days"": 25}}, {""code"": ""QUARTER_END"", ""values"": {}}]",13,2026-11-02 10:00:00,f,0.4594,[],v20260924-075317,2026-09-24 07:53:17
demofac01206,0.0234,LOW,"[{""code"": ""QUARTER_END"", ""values"": {}}, {""code"": ""SHORT_TERMS"", ""values"": {""days"": 15}}]",-4,2026-10-01 10:00:00,f,0.5836,[],v20260924-075317,2026-09-24 07:53:17
demofac01210,0.6778,HIGH,"[{""code"": ""CLIENT_AVG_DELAY"", ""values"": {""days"": 29}}, {""code"": ""CLIENT_LATE_HISTORY"", ""values"": {""late"": 3, ""rate"": 75, ""known"": 4}}, {""code"": ""QUARTER_END"", ""values"": {}}]",15,2026-11-06 10:00:00,f,0.3522,[],v20260924-075317,2026-09-24 07:53:17
