clientId,nom,persona
democli00001,Atlas Immobilier SUARL,CHRONIC
democli00002,Tabarka Consulting SUARL,QUARTER_END
democli00003,Elyssa Consulting SARL,NEW_RISKY
democli00004,Thapsus Industries SUARL,CHRONIC
democli00005,Djerba Batiment SA,OCCASIONAL
democli00006,Carthago Services SARL,OCCASIONAL
democli00007,Hannibal Textile SUARL,NEW_RISKY
democli00008,Elyssa Immobilier SUARL,OCCASIONAL
democli00009,Olfa Mansouri,OCCASIONAL
democli00010,Cap Bon Textile SA,CHRONIC
democli00011,Salammbo Immobilier SA,CHRONIC
democli00012,Djerba Transport SA,RELIABLE
democli00013,Hannibal Agro SUARL,CHRONIC
democli00014,Djerba Industries SA,RELIABLE
democli00015,Numidia Pharma SARL,QUARTER_END
democli00016,Ahmed Gharbi,RELIABLE
democli00017,Oasis Agro SARL,RELIABLE
democli00018,Kerkenna Pharma SARL,RELIABLE
democli00019,Byrsa Pharma SA,RELIABLE
democli00020,Youssef Trabelsi,RELIABLE
democli00021,Carthago Industries SUARL,RELIABLE
democli00022,Hannibal Digital SARL,OCCASIONAL
democli00023,Atlas Services SARL,NEW_RISKY
democli00024,Salma Bouazizi,OCCASIONAL
democli00025,Rim Hamdi,RELIABLE
democli00026,Utique Consulting SUARL,OCCASIONAL
democli00027,Numidia Batiment SUARL,RELIABLE
democli00028,Oasis Textile SUARL,QUARTER_END
democli00029,Jasmin Medical SUARL,QUARTER_END
democli00030,Zitouna Consulting SUARL,OCCASIONAL
democli00031,Cap Bon Immobilier SUARL,QUARTER_END
democli00032,Medina Textile SA,OCCASIONAL
democli00033,Elyssa Immobilier SA,RELIABLE
democli00034,Numidia Energie SA,OCCASIONAL
democli00035,Mariem Gharbi,RELIABLE
democli00036,Carthago Digital SARL,RELIABLE
democli00037,Elyssa Batiment SARL,OCCASIONAL
democli00038,Kerkenna Consulting SARL,RELIABLE
democli00039,Hadrumete Immobilier SUARL,OCCASIONAL
democli00040,Hannibal Logistique SA,RELIABLE
democli00041,Oasis Services SA,RELIABLE
democli00042,Nour Mejri,RELIABLE
democli00043,Medina Medical SARL,OCCASIONAL
democli00044,Kerkenna Textile SARL,CHRONIC
democli00045,Tabarka Agro SA,CHRONIC
democli00046,Hadrumete Medical SA,RELIABLE
democli00047,Mariem Dridi,QUARTER_END
democli00048,Oasis Services SARL,OCCASIONAL
democli00049,Oasis Batiment SARL,RELIABLE
democli00050,Carthago Textile SA,OCCASIONAL
democli00051,Hadrumete Agro SUARL,RELIABLE
democli00052,Sahel Batiment SA,CHRONIC
democli00053,Kerkenna Distribution SUARL,OCCASIONAL
democli00054,Zitouna Immobilier SUARL,RELIABLE
democli00055,Oasis Textile SA,CHRONIC
democli00056,Hichem Khelifi,OCCASIONAL
democli00057,Oasis Distribution SARL,OCCASIONAL
democli00058,Medina Services SARL,RELIABLE
democli00059,Zitouna Tech SA,RELIABLE
democli00060,Djerba Logistique SUARL,RELIABLE
