factureId,numero,persona,trueLateProbability,plannedDelayDays,defaulted
demofac00001,FAC-2024-0001,CHRONIC,0.73,4,false
demofac00002,FAC-2024-0002,RELIABLE,0.23,-2,false
demofac00003,FAC-2024-0003,RELIABLE,0.16,14,false
demofac00004,FAC-2024-0004,RELIABLE,0.06,-10,false
demofac00005,FAC-2024-0005,CHRONIC,0.73,1,false
demofac00006,FAC-2024-0006,RELIABLE,0.08,4,false
demofac00007,FAC-2024-0007,CHRONIC,0.73,-2,false
demofac00008,FAC-2024-0008,CHRONIC,0.78,24,false
demofac00009,FAC-2024-0009,RELIABLE,0.01,-5,false
demofac00010,FAC-2024-0010,OCCASIONAL,0.3,37,false
demofac00011,FAC-2024-0011,OCCASIONAL,0.4,11,false
demofac00012,FAC-2024-0012,OCCASIONAL,0.45,19,false
demofac00013,FAC-2024-0013,RELIABLE,0.01,-4,false
demofac00014,FAC-2024-0014,RELIABLE,0.21,-5,false
demofac00015,FAC-2024-0015,OCCASIONAL,0.3,13,false
demofac00016,FAC-2024-0016,OCCASIONAL,0.3,-5,false
demofac00017,FAC-2024-0017,RELIABLE,0.06,-1,false
demofac00018,FAC-2024-0018,OCCASIONAL,0.3,-6,false
demofac00019,FAC-2024-0019,CHRONIC,0.8,3,false
demofac00020,FAC-2024-0020,RELIABLE,0.16,-2,false
demofac00021,FAC-2024-0021,RELIABLE,0.23,11,false
demofac00022,FAC-2024-0022,RELIABLE,0.06,2,false
demofac00023,FAC-2024-0023,RELIABLE,0.21,-4,false
demofac00024,FAC-2024-0024,OCCASIONAL,0.3,-10,false
demofac00025,FAC-2024-0025,OCCASIONAL,0.35,0,false
demofac00026,FAC-2024-0026,RELIABLE,0.16,14,false
demofac00027,FAC-2024-0027,OCCASIONAL,0.25,22,false
demofac00028,FAC-2024-0028,RELIABLE,0.18,-4,false
demofac00029,FAC-2024-0029,OCCASIONAL,0.35,10,false
demofac00030,FAC-2024-0030,RELIABLE,0.16,13,false
demofac00031,FAC-2024-0031,RELIABLE,0.31,4,false
demofac00032,FAC-2024-0032,RELIABLE,0.06,-2,false
demofac00033,FAC-2024-0033,OCCASIONAL,0.25,0,false
demofac00034,FAC-2024-0034,RELIABLE,0.16,14,false
demofac00035,FAC-2024-0035,QUARTER_END,0.12,7,false
demofac00036,FAC-2024-0036,RELIABLE,0.16,-4,false
demofac00037,FAC-2024-0037,RELIABLE,0.16,-11,false
demofac00038,FAC-2024-0038,OCCASIONAL,0.3,-10,false
demofac00039,FAC-2024-0039,RELIABLE,0.16,-11,false
demofac00040,FAC-2024-0040,RELIABLE,0.16,4,false
demofac00041,FAC-2024-0041,RELIABLE,0.11,1,false
demofac00042,FAC-2024-0042,OCCASIONAL,0.25,11,false
demofac00043,FAC-2024-0043,QUARTER_END,0.27,7,false
demofac00044,FAC-2024-0044,OCCASIONAL,0.25,11,false
demofac00045,FAC-2024-0045,CHRONIC,0.88,131,false
demofac00046,FAC-2024-0046,RELIABLE,0.23,-6,false
demofac00047,FAC-2024-0047,RELIABLE,0.23,-4,false
demofac00048,FAC-2024-0048,OCCASIONAL,0.3,15,false
demofac00049,FAC-2024-0049,OCCASIONAL,0.35,11,false
demofac00050,FAC-2024-0050,OCCASIONAL,0.3,1,false
demofac00051,FAC-2024-0051,RELIABLE,0.16,-8,false
demofac00052,FAC-2024-0052,QUARTER_END,0.24,-5,false
demofac00053,FAC-2024-0053,OCCASIONAL,0.35,-8,false
demofac00054,FAC-2024-0054,RELIABLE,0.11,12,false
demofac00055,FAC-2024-0055,CHRONIC,0.83,10,false
demofac00056,FAC-2024-0056,RELIABLE,0.16,-5,false
demofac00057,FAC-2024-0057,RELIABLE,0.11,-9,false
demofac00058,FAC-2024-0058,RELIABLE,0.01,-2,false
demofac00059,FAC-2024-0059,RELIABLE,0.06,-7,false
demofac00060,FAC-2024-0060,OCCASIONAL,0.35,26,false
demofac00061,FAC-2024-0061,CHRONIC,0.97,16,false
demofac00062,FAC-2024-0062,RELIABLE,0.11,11,false
demofac00063,FAC-2024-0063,OCCASIONAL,0.35,2,false
demofac00064,FAC-2024-0064,RELIABLE,0.11,-9,false
demofac00065,FAC-2024-0065,RELIABLE,0.06,-3,false
demofac00066,FAC-2024-0066,RELIABLE,0.11,3,false
demofac00067,FAC-2024-0067,CHRONIC,0.9,81,false
demofac00068,FAC-2024-0068,CHRONIC,0.88,34,false
demofac00069,FAC-2024-0069,RELIABLE,0.16,7,false
demofac00070,FAC-2024-0070,RELIABLE,0.01,-9,false
demofac00071,FAC-2024-0071,RELIABLE,0.01,-10,false
demofac00072,FAC-2024-0072,OCCASIONAL,0.4,0,false
demofac00073,FAC-2024-0073,OCCASIONAL,0.42,15,false
demofac00074,FAC-2024-0074,RELIABLE,0.16,-1,false
demofac00075,FAC-2024-0075,RELIABLE,0.16,1,false
demofac00076,FAC-2024-0076,CHRONIC,0.88,8,false
demofac00077,FAC-2024-0077,OCCASIONAL,0.35,1,false
demofac00078,FAC-2024-0078,CHRONIC,0.88,21,false
demofac00079,FAC-2024-0079,CHRONIC,0.83,46,false
demofac00080,FAC-2024-0080,OCCASIONAL,0.35,1,false
demofac00081,FAC-2024-0081,RELIABLE,0.11,1,false
demofac00082,FAC-2024-0082,OCCASIONAL,0.35,2,false
demofac00083,FAC-2024-0083,CHRONIC,0.78,-8,false
demofac00084,FAC-2024-0084,QUARTER_END,0.29,15,false
demofac00085,FAC-2024-0085,OCCASIONAL,0.4,1,false
demofac00086,FAC-2024-0086,RELIABLE,0.06,-5,false
demofac00087,FAC-2024-0087,QUARTER_END,0.32,17,false
demofac00088,FAC-2024-0088,CHRONIC,0.83,-6,false
demofac00089,FAC-2024-0089,OCCASIONAL,0.4,3,false
demofac00090,FAC-2024-0090,RELIABLE,0.41,-8,false
demofac00091,FAC-2024-0091,OCCASIONAL,0.4,13,false
demofac00092,FAC-2024-0092,RELIABLE,0.01,-2,false
demofac00093,FAC-2024-0093,QUARTER_END,0.9,1,false
demofac00094,FAC-2024-0094,RELIABLE,0.06,-10,false
demofac00095,FAC-2024-0095,OCCASIONAL,0.3,-9,false
demofac00096,FAC-2024-0096,OCCASIONAL,0.3,17,false
demofac00097,FAC-2024-0097,OCCASIONAL,0.4,-7,false
demofac00098,FAC-2024-0098,RELIABLE,0.21,7,false
demofac00099,FAC-2024-0099,OCCASIONAL,0.25,-7,false
demofac00100,FAC-2024-0100,RELIABLE,0.06,-5,false
demofac00101,FAC-2024-0101,RELIABLE,0.21,-4,false
demofac00102,FAC-2024-0102,OCCASIONAL,0.25,34,false
demofac00103,FAC-2024-0103,RELIABLE,0.21,4,false
demofac00104,FAC-2024-0104,RELIABLE,0.26,5,false
demofac00105,FAC-2024-0105,RELIABLE,0.06,-6,false
demofac00106,FAC-2024-0106,RELIABLE,0.13,0,false
demofac00107,FAC-2024-0107,OCCASIONAL,0.25,12,false
demofac00108,FAC-2024-0108,OCCASIONAL,0.4,,false
demofac00109,FAC-2024-0109,RELIABLE,0.06,-1,false
demofac00110,FAC-2024-0110,RELIABLE,0.06,-1,false
demofac00111,FAC-2024-0111,CHRONIC,0.78,28,false
demofac00112,FAC-2024-0112,OCCASIONAL,0.25,7,false
demofac00113,FAC-2024-0113,OCCASIONAL,0.32,12,false
demofac00114,FAC-2024-0114,RELIABLE,0.01,-12,false
demofac00115,FAC-2024-0115,RELIABLE,0.01,-11,false
demofac00116,FAC-2024-0116,CHRONIC,0.73,48,false
demofac00117,FAC-2024-0117,CHRONIC,0.93,37,false
demofac00118,FAC-2024-0118,OCCASIONAL,0.47,18,false
demofac00119,FAC-2024-0119,RELIABLE,0.26,1,false
demofac00120,FAC-2024-0120,CHRONIC,0.8,1,false
demofac00121,FAC-2024-0121,CHRONIC,0.88,9,false
demofac00122,FAC-2024-0122,QUARTER_END,0.7,23,false
demofac00123,FAC-2024-0123,OCCASIONAL,0.3,-7,false
demofac00124,FAC-2024-0124,RELIABLE,0.06,3,false
demofac00125,FAC-2024-0125,CHRONIC,0.85,26,false
demofac00126,FAC-2024-0126,RELIABLE,0.01,2,false
demofac00127,FAC-2024-0127,OCCASIONAL,0.37,-1,false
demofac00128,FAC-2024-0128,RELIABLE,0.26,5,false
demofac00129,FAC-2024-0129,RELIABLE,0.13,-4,false
demofac00130,FAC-2024-0130,RELIABLE,0.06,3,false
demofac00131,FAC-2024-0131,OCCASIONAL,0.37,22,false
demofac00132,FAC-2024-0132,OCCASIONAL,0.25,-6,false
demofac00133,FAC-2024-0133,OCCASIONAL,0.25,-6,false
demofac00134,FAC-2024-0134,RELIABLE,0.13,,false
demofac00135,FAC-2024-0135,RELIABLE,0.06,-7,false
demofac00136,FAC-2024-0136,RELIABLE,0.06,6,false
demofac00137,FAC-2024-0137,OCCASIONAL,0.25,0,false
demofac00138,FAC-2024-0138,RELIABLE,0.21,-7,false
demofac00139,FAC-2024-0139,OCCASIONAL,0.3,1,false
demofac00140,FAC-2024-0140,RELIABLE,0.08,4,false
demofac00141,FAC-2024-0141,RELIABLE,0.01,-8,false
demofac00142,FAC-2024-0142,RELIABLE,0.21,11,false
demofac00143,FAC-2024-0143,OCCASIONAL,0.3,-9,false
demofac00144,FAC-2025-0001,OCCASIONAL,0.32,-7,false
demofac00145,FAC-2025-0002,QUARTER_END,0.07,-10,false
demofac00146,FAC-2025-0003,RELIABLE,0.31,-8,false
demofac00147,FAC-2025-0004,OCCASIONAL,0.37,-1,false
demofac00148,FAC-2025-0005,RELIABLE,0.31,0,false
demofac00149,FAC-2025-0006,RELIABLE,0.06,-12,false
demofac00150,FAC-2025-0007,OCCASIONAL,0.25,5,false
demofac00151,FAC-2025-0008,QUARTER_END,0.07,3,false
demofac00152,FAC-2025-0009,RELIABLE,0.16,-10,false
demofac00153,FAC-2025-0010,CHRONIC,0.73,25,false
demofac00154,FAC-2025-0011,RELIABLE,0.06,3,false
demofac00155,FAC-2025-0012,RELIABLE,0.13,-2,false
demofac00156,FAC-2025-0013,RELIABLE,0.01,1,false
demofac00157,FAC-2025-0014,RELIABLE,0.01,-6,false
demofac00158,FAC-2025-0015,OCCASIONAL,0.37,11,false
demofac00159,FAC-2025-0016,RELIABLE,0.06,-3,false
demofac00160,FAC-2025-0017,RELIABLE,0.16,1,false
demofac00161,FAC-2025-0018,RELIABLE,0.06,5,false
demofac00162,FAC-2025-0019,RELIABLE,0.06,-4,false
demofac00163,FAC-2025-0020,CHRONIC,0.78,,true
demofac00164,FAC-2025-0021,OCCASIONAL,0.37,9,false
demofac00165,FAC-2025-0022,OCCASIONAL,0.3,10,false
demofac00166,FAC-2025-0023,CHRONIC,0.73,12,false
demofac00167,FAC-2025-0024,RELIABLE,0.31,4,false
demofac00168,FAC-2025-0025,RELIABLE,0.01,5,false
demofac00169,FAC-2025-0026,CHRONIC,0.73,46,false
demofac00170,FAC-2025-0027,RELIABLE,0.06,7,false
demofac00171,FAC-2025-0028,OCCASIONAL,0.25,,false
demofac00172,FAC-2025-0029,OCCASIONAL,0.3,58,false
demofac00173,FAC-2025-0030,OCCASIONAL,0.35,-12,false
demofac00174,FAC-2025-0031,CHRONIC,0.78,97,false
demofac00175,FAC-2025-0032,OCCASIONAL,0.3,26,false
demofac00176,FAC-2025-0033,CHRONIC,0.73,9,false
demofac00177,FAC-2025-0034,QUARTER_END,0.12,-9,false
demofac00178,FAC-2025-0035,OCCASIONAL,0.25,-11,false
demofac00179,FAC-2025-0036,RELIABLE,0.01,5,false
demofac00180,FAC-2025-0037,RELIABLE,0.06,7,false
demofac00181,FAC-2025-0038,RELIABLE,0.13,7,false
demofac00182,FAC-2025-0039,OCCASIONAL,0.25,-5,false
demofac00183,FAC-2025-0040,RELIABLE,0.06,14,false
demofac00184,FAC-2025-0041,RELIABLE,0.16,7,false
demofac00185,FAC-2025-0042,RELIABLE,0.16,7,false
demofac00186,FAC-2025-0043,RELIABLE,0.01,-5,false
demofac00187,FAC-2025-0044,RELIABLE,0.01,-11,false
demofac00188,FAC-2025-0045,RELIABLE,0.06,4,false
demofac00189,FAC-2025-0046,RELIABLE,0.08,-3,false
demofac00190,FAC-2025-0047,OCCASIONAL,0.25,-6,false
demofac00191,FAC-2025-0048,RELIABLE,0.01,-3,false
demofac00192,FAC-2025-0049,OCCASIONAL,0.3,6,false
demofac00193,FAC-2025-0050,RELIABLE,0.16,-9,false
demofac00194,FAC-2025-0051,OCCASIONAL,0.35,-2,false
demofac00195,FAC-2025-0052,QUARTER_END,0.32,-2,false
demofac00196,FAC-2025-0053,RELIABLE,0.06,3,false
demofac00197,FAC-2025-0054,RELIABLE,0.01,-12,false
demofac00198,FAC-2025-0055,RELIABLE,0.01,-7,false
demofac00199,FAC-2025-0056,RELIABLE,0.16,-6,false
demofac00200,FAC-2025-0057,CHRONIC,0.88,32,false
demofac00201,FAC-2025-0058,RELIABLE,0.06,7,false
demofac00202,FAC-2025-0059,RELIABLE,0.01,0,false
demofac00203,FAC-2025-0060,RELIABLE,0.16,4,false
demofac00204,FAC-2025-0061,CHRONIC,0.88,1,false
demofac00205,FAC-2025-0062,CHRONIC,0.73,16,false
demofac00206,FAC-2025-0063,CHRONIC,0.73,4,false
demofac00207,FAC-2025-0064,QUARTER_END,0.14,0,false
demofac00208,FAC-2025-0065,OCCASIONAL,0.25,-9,false
demofac00209,FAC-2025-0066,OCCASIONAL,0.25,-8,false
demofac00210,FAC-2025-0067,OCCASIONAL,0.25,-5,false
demofac00211,FAC-2025-0068,RELIABLE,0.16,-3,false
demofac00212,FAC-2025-0069,RELIABLE,0.01,3,false
demofac00213,FAC-2025-0070,OCCASIONAL,0.25,23,false
demofac00214,FAC-2025-0071,RELIABLE,0.01,0,false
demofac00215,FAC-2025-0072,RELIABLE,0.13,-8,false
demofac00216,FAC-2025-0073,OCCASIONAL,0.45,4,false
demofac00217,FAC-2025-0074,CHRONIC,0.73,27,false
demofac00218,FAC-2025-0075,RELIABLE,0.06,25,false
demofac00219,FAC-2025-0076,OCCASIONAL,0.32,6,false
demofac00220,FAC-2025-0077,OCCASIONAL,0.25,-1,false
demofac00221,FAC-2025-0078,OCCASIONAL,0.25,7,false
demofac00222,FAC-2025-0079,RELIABLE,0.31,10,false
demofac00223,FAC-2025-0080,CHRONIC,0.78,29,false
demofac00224,FAC-2025-0081,RELIABLE,0.01,6,false
demofac00225,FAC-2025-0082,OCCASIONAL,0.25,-2,false
demofac00226,FAC-2025-0083,OCCASIONAL,0.3,-12,false
demofac00227,FAC-2025-0084,OCCASIONAL,0.25,-5,false
demofac00228,FAC-2025-0085,OCCASIONAL,0.25,33,false
demofac00229,FAC-2025-0086,RELIABLE,0.06,-4,false
demofac00230,FAC-2025-0087,OCCASIONAL,0.3,5,false
demofac00231,FAC-2025-0088,OCCASIONAL,0.4,11,false
demofac00232,FAC-2025-0089,RELIABLE,0.16,-10,false
demofac00233,FAC-2025-0090,QUARTER_END,0.07,4,false
demofac00234,FAC-2025-0091,CHRONIC,0.78,20,false
demofac00235,FAC-2025-0092,RELIABLE,0.01,0,false
demofac00236,FAC-2025-0093,RELIABLE,0.16,-3,false
demofac00237,FAC-2025-0094,RELIABLE,0.01,4,false
demofac00238,FAC-2025-0095,OCCASIONAL,0.3,7,false
demofac00239,FAC-2025-0096,OCCASIONAL,0.25,-8,false
demofac00240,FAC-2025-0097,RELIABLE,0.01,-10,false
demofac00241,FAC-2025-0098,OCCASIONAL,0.25,7,false
demofac00242,FAC-2025-0099,RELIABLE,0.06,0,false
demofac00243,FAC-2025-0100,RELIABLE,0.06,-8,false
demofac00244,FAC-2025-0101,OCCASIONAL,0.4,9,false
demofac00245,FAC-2025-0102,OCCASIONAL,0.45,7,false
demofac00246,FAC-2025-0103,RELIABLE,0.21,-3,false
demofac00247,FAC-2025-0104,RELIABLE,0.21,32,false
demofac00248,FAC-2025-0105,RELIABLE,0.06,-8,false
demofac00249,FAC-2025-0106,RELIABLE,0.23,-12,false
demofac00250,FAC-2025-0107,CHRONIC,0.88,10,false
demofac00251,FAC-2025-0108,OCCASIONAL,0.25,-3,false
demofac00252,FAC-2025-0109,OCCASIONAL,0.37,-7,false
demofac00253,FAC-2025-0110,OCCASIONAL,0.25,,false
demofac00254,FAC-2025-0111,RELIABLE,0.13,-8,false
demofac00255,FAC-2025-0112,RELIABLE,0.06,,false
demofac00256,FAC-2025-0113,OCCASIONAL,0.37,-7,false
demofac00257,FAC-2025-0114,OCCASIONAL,0.3,27,false
demofac00258,FAC-2025-0115,RELIABLE,0.23,-11,false
demofac00259,FAC-2025-0116,RELIABLE,0.01,0,false
demofac00260,FAC-2025-0117,OCCASIONAL,0.25,-12,false
demofac00261,FAC-2025-0118,OCCASIONAL,0.4,6,false
demofac00262,FAC-2025-0119,OCCASIONAL,0.25,-11,false
demofac00263,FAC-2025-0120,OCCASIONAL,0.25,6,false
demofac00264,FAC-2025-0121,RELIABLE,0.13,-2,false
demofac00265,FAC-2025-0122,RELIABLE,0.16,10,false
demofac00266,FAC-2025-0123,QUARTER_END,0.7,9,false
demofac00267,FAC-2025-0124,RELIABLE,0.01,3,false
demofac00268,FAC-2025-0125,QUARTER_END,0.75,12,false
demofac00269,FAC-2025-0126,OCCASIONAL,0.3,12,false
demofac00270,FAC-2025-0127,OCCASIONAL,0.32,0,false
demofac00271,FAC-2025-0128,RELIABLE,0.21,5,false
demofac00272,FAC-2025-0129,RELIABLE,0.06,,false
demofac00273,FAC-2025-0130,RELIABLE,0.06,-1,false
demofac00274,FAC-2025-0131,RELIABLE,0.13,26,false
demofac00275,FAC-2025-0132,RELIABLE,0.06,-4,false
demofac00276,FAC-2025-0133,RELIABLE,0.16,5,false
demofac00277,FAC-2025-0134,OCCASIONAL,0.42,13,false
demofac00278,FAC-2025-0135,OCCASIONAL,0.25,-5,false
demofac00279,FAC-2025-0136,CHRONIC,0.73,1,false
demofac00280,FAC-2025-0137,RELIABLE,0.06,-3,false
demofac00281,FAC-2025-0138,QUARTER_END,0.75,21,false
demofac00282,FAC-2025-0139,OCCASIONAL,0.37,0,false
demofac00283,FAC-2025-0140,OCCASIONAL,0.25,-3,false
demofac00284,FAC-2025-0141,RELIABLE,0.01,4,false
demofac00285,FAC-2025-0142,RELIABLE,0.13,-10,false
demofac00286,FAC-2025-0143,CHRONIC,0.73,-12,false
demofac00287,FAC-2025-0144,RELIABLE,0.01,1,false
demofac00288,FAC-2025-0145,RELIABLE,0.01,-11,false
demofac00289,FAC-2025-0146,RELIABLE,0.06,-6,false
demofac00290,FAC-2025-0147,OCCASIONAL,0.3,-10,false
demofac00291,FAC-2025-0148,RELIABLE,0.08,1,false
demofac00292,FAC-2025-0149,RELIABLE,0.13,-10,false
demofac00293,FAC-2025-0150,OCCASIONAL,0.25,-12,false
demofac00294,FAC-2025-0151,QUARTER_END,0.32,-4,false
demofac00295,FAC-2025-0152,RELIABLE,0.11,7,false
demofac00296,FAC-2025-0153,RELIABLE,0.01,-12,false
demofac00297,FAC-2025-0154,RELIABLE,0.01,-11,false
demofac00298,FAC-2025-0155,RELIABLE,0.06,-8,false
demofac00299,FAC-2025-0156,CHRONIC,0.73,73,false
demofac00300,FAC-2025-0157,OCCASIONAL,0.25,-1,false
demofac00301,FAC-2025-0158,RELIABLE,0.13,11,false
demofac00302,FAC-2025-0159,RELIABLE,0.01,3,false
demofac00303,FAC-2025-0160,OCCASIONAL,0.3,5,false
demofac00304,FAC-2025-0161,OCCASIONAL,0.25,-10,false
demofac00305,FAC-2025-0162,RELIABLE,0.11,-1,false
demofac00306,FAC-2025-0163,OCCASIONAL,0.3,,true
demofac00307,FAC-2025-0164,RELIABLE,0.16,7,false
demofac00308,FAC-2025-0165,CHRONIC,0.88,44,false
demofac00309,FAC-2025-0166,RELIABLE,0.06,-1,false
demofac00310,FAC-2025-0167,OCCASIONAL,0.3,2,false
demofac00311,FAC-2025-0168,RELIABLE,0.16,15,false
demofac00312,FAC-2025-0169,RELIABLE,0.31,-2,false
demofac00313,FAC-2025-0170,RELIABLE,0.08,-11,false
demofac00314,FAC-2025-0171,OCCASIONAL,0.25,2,false
demofac00315,FAC-2025-0172,RELIABLE,0.13,-11,false
demofac00316,FAC-2025-0173,RELIABLE,0.08,-8,false
demofac00317,FAC-2025-0174,RELIABLE,0.01,-4,false
demofac00318,FAC-2025-0175,RELIABLE,0.01,-9,false
demofac00319,FAC-2025-0176,OCCASIONAL,0.37,2,false
demofac00320,FAC-2025-0177,RELIABLE,0.01,0,false
demofac00321,FAC-2025-0178,RELIABLE,0.16,3,false
demofac00322,FAC-2025-0179,CHRONIC,0.73,20,false
demofac00323,FAC-2025-0180,OCCASIONAL,0.25,-4,false
demofac00324,FAC-2025-0181,QUARTER_END,0.14,-3,false
demofac00325,FAC-2025-0182,RELIABLE,0.08,6,false
demofac00326,FAC-2025-0183,OCCASIONAL,0.3,0,false
demofac00327,FAC-2025-0184,RELIABLE,0.01,-4,false
demofac00328,FAC-2025-0185,CHRONIC,0.73,2,false
demofac00329,FAC-2025-0186,OCCASIONAL,0.37,2,false
demofac00330,FAC-2025-0187,RELIABLE,0.06,-9,false
demofac00331,FAC-2025-0188,OCCASIONAL,0.25,28,false
demofac00332,FAC-2025-0189,OCCASIONAL,0.4,1,false
demofac00333,FAC-2025-0190,RELIABLE,0.13,-5,false
demofac00334,FAC-2025-0191,OCCASIONAL,0.3,16,false
demofac00335,FAC-2025-0192,RELIABLE,0.16,-12,false
demofac00336,FAC-2025-0193,CHRONIC,0.73,107,false
demofac00337,FAC-2025-0194,OCCASIONAL,0.3,7,false
demofac00338,FAC-2025-0195,OCCASIONAL,0.25,11,false
demofac00339,FAC-2025-0196,OCCASIONAL,0.25,-6,false
demofac00340,FAC-2025-0197,RELIABLE,0.01,5,false
demofac00341,FAC-2025-0198,OCCASIONAL,0.32,5,false
demofac00342,FAC-2025-0199,RELIABLE,0.01,4,false
demofac00343,FAC-2025-0200,RELIABLE,0.13,-7,false
demofac00344,FAC-2025-0201,OCCASIONAL,0.4,-2,false
demofac00345,FAC-2025-0202,OCCASIONAL,0.3,0,false
demofac00346,FAC-2025-0203,RELIABLE,0.01,-1,false
demofac00347,FAC-2025-0204,RELIABLE,0.06,-6,false
demofac00348,FAC-2025-0205,QUARTER_END,0.17,-7,false
demofac00349,FAC-2025-0206,OCCASIONAL,0.3,45,false
demofac00350,FAC-2025-0207,RELIABLE,0.01,-10,false
demofac00351,FAC-2025-0208,OCCASIONAL,0.3,-1,false
demofac00352,FAC-2025-0209,OCCASIONAL,0.25,-4,false
demofac00353,FAC-2025-0210,RELIABLE,0.01,-8,false
demofac00354,FAC-2025-0211,RELIABLE,0.16,11,false
demofac00355,FAC-2025-0212,CHRONIC,0.73,13,false
demofac00356,FAC-2025-0213,OCCASIONAL,0.25,4,false
demofac00357,FAC-2025-0214,QUARTER_END,0.17,-7,false
demofac00358,FAC-2025-0215,RELIABLE,0.01,-2,false
demofac00359,FAC-2025-0216,OCCASIONAL,0.32,13,false
demofac00360,FAC-2025-0217,RELIABLE,0.08,6,false
demofac00361,FAC-2025-0218,OCCASIONAL,0.3,-12,false
demofac00362,FAC-2025-0219,RELIABLE,0.06,-5,false
demofac00363,FAC-2025-0220,RELIABLE,0.06,-4,false
demofac00364,FAC-2025-0221,RELIABLE,0.01,-6,false
demofac00365,FAC-2025-0222,RELIABLE,0.16,-10,false
demofac00366,FAC-2025-0223,RELIABLE,0.13,4,false
demofac00367,FAC-2025-0224,RELIABLE,0.06,-9,false
demofac00368,FAC-2025-0225,CHRONIC,0.73,137,false
demofac00369,FAC-2025-0226,CHRONIC,0.73,-2,false
demofac00370,FAC-2025-0227,RELIABLE,0.13,2,false
demofac00371,FAC-2025-0228,RELIABLE,0.06,-6,false
demofac00372,FAC-2025-0229,RELIABLE,0.01,6,false
demofac00373,FAC-2025-0230,RELIABLE,0.21,-12,false
demofac00374,FAC-2025-0231,OCCASIONAL,0.45,-3,false
demofac00375,FAC-2025-0232,OCCASIONAL,0.4,-2,false
demofac00376,FAC-2025-0233,OCCASIONAL,0.25,-6,false
demofac00377,FAC-2025-0234,OCCASIONAL,0.25,28,false
demofac00378,FAC-2025-0235,CHRONIC,0.73,49,false
demofac00379,FAC-2025-0236,CHRONIC,0.73,14,false
demofac00380,FAC-2025-0237,OCCASIONAL,0.25,-9,false
demofac00381,FAC-2025-0238,CHRONIC,0.73,-6,false
demofac00382,FAC-2025-0239,CHRONIC,0.73,30,false
demofac00383,FAC-2025-0240,OCCASIONAL,0.25,25,false
demofac00384,FAC-2025-0241,OCCASIONAL,0.25,2,false
demofac00385,FAC-2025-0242,RELIABLE,0.13,-4,false
demofac00386,FAC-2025-0243,OCCASIONAL,0.32,4,false
demofac00387,FAC-2025-0244,CHRONIC,0.73,87,false
demofac00388,FAC-2025-0245,OCCASIONAL,0.25,10,false
demofac00389,FAC-2025-0246,CHRONIC,0.8,100,false
demofac00390,FAC-2025-0247,CHRONIC,0.73,11,false
demofac00391,FAC-2025-0248,QUARTER_END,0.7,41,false
demofac00392,FAC-2025-0249,RELIABLE,0.21,13,false
demofac00393,FAC-2025-0250,RELIABLE,0.06,-4,false
demofac00394,FAC-2025-0251,QUARTER_END,0.7,25,false
demofac00395,FAC-2025-0252,RELIABLE,0.06,-10,false
demofac00396,FAC-2025-0253,RELIABLE,0.01,-9,false
demofac00397,FAC-2025-0254,CHRONIC,0.83,,true
demofac00398,FAC-2025-0255,RELIABLE,0.01,5,false
demofac00399,FAC-2025-0256,RELIABLE,0.31,-10,false
demofac00400,FAC-2025-0257,RELIABLE,0.11,-2,false
demofac00401,FAC-2025-0258,CHRONIC,0.73,20,false
demofac00402,FAC-2025-0259,OCCASIONAL,0.3,7,false
demofac00403,FAC-2025-0260,QUARTER_END,0.7,9,false
demofac00404,FAC-2025-0261,CHRONIC,0.73,118,false
demofac00405,FAC-2025-0262,CHRONIC,0.73,6,false
demofac00406,FAC-2025-0263,RELIABLE,0.11,14,false
demofac00407,FAC-2025-0264,CHRONIC,0.73,15,false
demofac00408,FAC-2025-0265,QUARTER_END,0.7,40,false
demofac00409,FAC-2025-0266,RELIABLE,0.01,-5,false
demofac00410,FAC-2025-0267,OCCASIONAL,0.25,3,false
demofac00411,FAC-2025-0268,CHRONIC,0.83,24,false
demofac00412,FAC-2025-0269,OCCASIONAL,0.32,31,false
demofac00413,FAC-2025-0270,OCCASIONAL,0.3,-2,false
demofac00414,FAC-2025-0271,OCCASIONAL,0.25,-12,false
demofac00415,FAC-2025-0272,CHRONIC,0.83,28,false
demofac00416,FAC-2025-0273,RELIABLE,0.11,-7,false
demofac00417,FAC-2025-0274,RELIABLE,0.06,1,false
demofac00418,FAC-2025-0275,OCCASIONAL,0.25,-3,false
demofac00419,FAC-2025-0276,OCCASIONAL,0.35,9,false
demofac00420,FAC-2025-0277,RELIABLE,0.11,4,false
demofac00421,FAC-2025-0278,RELIABLE,0.31,21,false
demofac00422,FAC-2025-0279,RELIABLE,0.11,2,false
demofac00423,FAC-2025-0280,QUARTER_END,0.8,,false
demofac00424,FAC-2025-0281,RELIABLE,0.16,-11,false
demofac00425,FAC-2025-0282,RELIABLE,0.26,-8,false
demofac00426,FAC-2025-0283,RELIABLE,0.01,-6,false
demofac00427,FAC-2025-0284,OCCASIONAL,0.25,96,false
demofac00428,FAC-2025-0285,RELIABLE,0.16,-1,false
demofac00429,FAC-2025-0286,QUARTER_END,0.7,22,false
demofac00430,FAC-2025-0287,RELIABLE,0.16,-2,false
demofac00431,FAC-2025-0288,RELIABLE,0.16,0,false
demofac00432,FAC-2025-0289,OCCASIONAL,0.25,30,false
demofac00433,FAC-2025-0290,OCCASIONAL,0.25,29,false
demofac00434,FAC-2025-0291,OCCASIONAL,0.32,28,false
demofac00435,FAC-2025-0292,RELIABLE,0.11,-10,false
demofac00436,FAC-2025-0293,OCCASIONAL,0.25,10,false
demofac00437,FAC-2025-0294,RELIABLE,0.11,3,false
demofac00438,FAC-2025-0295,RELIABLE,0.16,-7,false
demofac00439,FAC-2025-0296,RELIABLE,0.11,3,false
demofac00440,FAC-2025-0297,OCCASIONAL,0.35,18,false
demofac00441,FAC-2025-0298,OCCASIONAL,0.5,-2,false
demofac00442,FAC-2025-0299,OCCASIONAL,0.35,0,false
demofac00443,FAC-2025-0300,RELIABLE,0.06,-2,false
demofac00444,FAC-2025-0301,QUARTER_END,0.24,,false
demofac00445,FAC-2025-0302,QUARTER_END,0.17,1,false
demofac00446,FAC-2025-0303,CHRONIC,0.73,19,false
demofac00447,FAC-2025-0304,QUARTER_END,0.17,-4,false
demofac00448,FAC-2025-0305,RELIABLE,0.16,-3,false
demofac00449,FAC-2025-0306,OCCASIONAL,0.35,7,false
demofac00450,FAC-2025-0307,RELIABLE,0.06,0,false
demofac00451,FAC-2025-0308,RELIABLE,0.16,-2,false
demofac00452,FAC-2025-0309,OCCASIONAL,0.35,-12,false
demofac00453,FAC-2025-0310,QUARTER_END,0.22,0,false
demofac00454,FAC-2025-0311,CHRONIC,0.73,28,false
demofac00455,FAC-2025-0312,RELIABLE,0.01,0,false
demofac00456,FAC-2025-0313,RELIABLE,0.01,-10,false
demofac00457,FAC-2025-0314,QUARTER_END,0.22,0,false
demofac00458,FAC-2025-0315,OCCASIONAL,0.35,-7,false
demofac00459,FAC-2025-0316,RELIABLE,0.16,2,false
demofac00460,FAC-2025-0317,RELIABLE,0.11,-4,false
demofac00461,FAC-2025-0318,OCCASIONAL,0.35,28,false
demofac00462,FAC-2025-0319,RELIABLE,0.11,6,false
demofac00463,FAC-2025-0320,OCCASIONAL,0.35,37,false
demofac00464,FAC-2025-0321,QUARTER_END,0.07,-3,false
demofac00465,FAC-2025-0322,RELIABLE,0.11,-9,false
demofac00466,FAC-2025-0323,CHRONIC,0.88,11,false
demofac00467,FAC-2025-0324,OCCASIONAL,0.35,-5,false
demofac00468,FAC-2025-0325,QUARTER_END,0.17,4,false
demofac00469,FAC-2025-0326,RELIABLE,0.01,4,false
demofac00470,FAC-2025-0327,RELIABLE,0.01,7,false
demofac00471,FAC-2025-0328,OCCASIONAL,0.4,-7,false
demofac00472,FAC-2025-0329,OCCASIONAL,0.4,-2,false
demofac00473,FAC-2025-0330,RELIABLE,0.16,-9,false
demofac00474,FAC-2025-0331,OCCASIONAL,0.4,-8,false
demofac00475,FAC-2025-0332,OCCASIONAL,0.35,21,false
demofac00476,FAC-2025-0333,QUARTER_END,0.17,1,false
demofac00477,FAC-2025-0334,RELIABLE,0.16,4,false
demofac00478,FAC-2025-0335,OCCASIONAL,0.25,6,false
demofac00479,FAC-2025-0336,OCCASIONAL,0.35,9,false
demofac00480,FAC-2025-0337,RELIABLE,0.01,-1,false
demofac00481,FAC-2025-0338,RELIABLE,0.16,-12,false
demofac00482,FAC-2025-0339,OCCASIONAL,0.35,69,false
demofac00483,FAC-2025-0340,RELIABLE,0.31,-11,false
demofac00484,FAC-2025-0341,QUARTER_END,0.17,-7,false
demofac00485,FAC-2025-0342,RELIABLE,0.26,13,false
demofac00486,FAC-2025-0343,CHRONIC,0.88,,true
demofac00487,FAC-2025-0344,QUARTER_END,0.17,-11,false
demofac00488,FAC-2025-0345,RELIABLE,0.11,-8,false
demofac00489,FAC-2025-0346,RELIABLE,0.01,7,false
demofac00490,FAC-2025-0347,RELIABLE,0.08,-10,false
demofac00491,FAC-2025-0348,CHRONIC,0.73,69,false
demofac00492,FAC-2025-0349,RELIABLE,0.13,-3,false
demofac00493,FAC-2025-0350,RELIABLE,0.26,10,false
demofac00494,FAC-2025-0351,RELIABLE,0.26,-4,false
demofac00495,FAC-2025-0352,OCCASIONAL,0.3,6,false
demofac00496,FAC-2025-0353,OCCASIONAL,0.32,-9,false
demofac00497,FAC-2025-0354,RELIABLE,0.06,7,false
demofac00498,FAC-2025-0355,RELIABLE,0.01,-7,false
demofac00499,FAC-2025-0356,RELIABLE,0.16,-9,false
demofac00500,FAC-2025-0357,CHRONIC,0.88,30,false
demofac00501,FAC-2025-0358,RELIABLE,0.16,1,false
demofac00502,FAC-2025-0359,RELIABLE,0.01,1,false
demofac00503,FAC-2025-0360,RELIABLE,0.01,3,false
demofac00504,FAC-2025-0361,QUARTER_END,0.12,-12,false
demofac00505,FAC-2025-0362,OCCASIONAL,0.25,0,false
demofac00506,FAC-2025-0363,CHRONIC,0.73,-1,false
demofac00507,FAC-2025-0364,RELIABLE,0.08,-11,false
demofac00508,FAC-2025-0365,QUARTER_END,0.12,19,false
demofac00509,FAC-2025-0366,QUARTER_END,0.27,3,false
demofac00510,FAC-2025-0367,QUARTER_END,0.07,-9,false
demofac00511,FAC-2025-0368,CHRONIC,0.73,13,false
demofac00512,FAC-2025-0369,OCCASIONAL,0.25,5,false
demofac00513,FAC-2025-0370,RELIABLE,0.01,0,false
demofac00514,FAC-2025-0371,OCCASIONAL,0.25,52,false
demofac00515,FAC-2025-0372,CHRONIC,0.88,,true
demofac00516,FAC-2025-0373,OCCASIONAL,0.4,10,false
demofac00517,FAC-2025-0374,RELIABLE,0.33,-11,false
demofac00518,FAC-2025-0375,CHRONIC,0.73,73,false
demofac00519,FAC-2025-0376,OCCASIONAL,0.25,19,false
demofac00520,FAC-2025-0377,RELIABLE,0.16,-11,false
demofac00521,FAC-2025-0378,RELIABLE,0.06,3,false
demofac00522,FAC-2025-0379,CHRONIC,0.73,16,false
demofac00523,FAC-2025-0380,CHRONIC,0.73,25,false
demofac00524,FAC-2025-0381,RELIABLE,0.16,4,false
demofac00525,FAC-2025-0382,QUARTER_END,0.8,51,false
demofac00526,FAC-2025-0383,QUARTER_END,0.85,1,false
demofac00527,FAC-2025-0384,RELIABLE,0.01,-10,false
demofac00528,FAC-2025-0385,RELIABLE,0.08,3,false
demofac00529,FAC-2025-0386,RELIABLE,0.01,-8,false
demofac00530,FAC-2025-0387,RELIABLE,0.06,2,false
demofac00531,FAC-2025-0388,RELIABLE,0.06,-3,false
demofac00532,FAC-2025-0389,OCCASIONAL,0.25,7,false
demofac00533,FAC-2025-0390,OCCASIONAL,0.25,3,false
demofac00534,FAC-2025-0391,RELIABLE,0.13,-9,false
demofac00535,FAC-2025-0392,QUARTER_END,0.7,29,false
demofac00536,FAC-2025-0393,RELIABLE,0.01,-2,false
demofac00537,FAC-2025-0394,QUARTER_END,0.75,26,false
demofac00538,FAC-2025-0395,OCCASIONAL,0.25,-12,false
demofac00539,FAC-2025-0396,CHRONIC,0.88,31,false
demofac00540,FAC-2025-0397,CHRONIC,0.73,27,false
demofac00541,FAC-2025-0398,OCCASIONAL,0.25,7,false
demofac00542,FAC-2025-0399,CHRONIC,0.73,91,false
demofac00543,FAC-2025-0400,OCCASIONAL,0.25,-4,false
demofac00544,FAC-2025-0401,OCCASIONAL,0.32,-5,false
demofac00545,FAC-2025-0402,RELIABLE,0.01,-7,false
demofac00546,FAC-2025-0403,RELIABLE,0.01,2,false
demofac00547,FAC-2025-0404,OCCASIONAL,0.32,-7,false
demofac00548,FAC-2025-0405,RELIABLE,0.01,-5,false
demofac00549,FAC-2025-0406,QUARTER_END,0.7,14,false
demofac00550,FAC-2025-0407,RELIABLE,0.06,7,false
demofac00551,FAC-2025-0408,OCCASIONAL,0.32,6,false
demofac00552,FAC-2025-0409,OCCASIONAL,0.25,0,false
demofac00553,FAC-2025-0410,QUARTER_END,0.7,-4,false
demofac00554,FAC-2025-0411,OCCASIONAL,0.25,-8,false
demofac00555,FAC-2025-0412,RELIABLE,0.01,-2,false
demofac00556,FAC-2025-0413,CHRONIC,0.73,40,false
demofac00557,FAC-2025-0414,RELIABLE,0.01,5,false
demofac00558,FAC-2025-0415,OCCASIONAL,0.32,19,false
demofac00559,FAC-2025-0416,RELIABLE,0.06,-2,false
demofac00560,FAC-2025-0417,OCCASIONAL,0.25,15,false
demofac00561,FAC-2025-0418,OCCASIONAL,0.25,10,false
demofac00562,FAC-2025-0419,RELIABLE,0.06,16,false
demofac00563,FAC-2025-0420,QUARTER_END,0.95,10,false
demofac00564,FAC-2025-0421,RELIABLE,0.01,5,false
demofac00565,FAC-2025-0422,CHRONIC,0.73,38,false
demofac00566,FAC-2025-0423,RELIABLE,0.08,15,false
demofac00567,FAC-2025-0424,OCCASIONAL,0.32,34,false
demofac00568,FAC-2025-0425,CHRONIC,0.73,71,false
demofac00569,FAC-2025-0426,QUARTER_END,0.95,25,false
demofac00570,FAC-2025-0427,CHRONIC,0.73,-5,false
demofac00571,FAC-2025-0428,OCCASIONAL,0.45,,false
demofac00572,FAC-2025-0429,CHRONIC,0.73,35,false
demofac00573,FAC-2025-0430,OCCASIONAL,0.25,1,false
demofac00574,FAC-2025-0431,RELIABLE,0.06,-11,false
demofac00575,FAC-2025-0432,QUARTER_END,0.14,31,false
demofac00576,FAC-2025-0433,OCCASIONAL,0.32,66,false
demofac00577,FAC-2025-0434,RELIABLE,0.13,-2,false
demofac00578,FAC-2025-0435,RELIABLE,0.06,-5,false
demofac00579,FAC-2025-0436,RELIABLE,0.01,-10,false
demofac00580,FAC-2025-0437,RELIABLE,0.21,-3,false
demofac00581,FAC-2025-0438,RELIABLE,0.11,-12,false
demofac00582,FAC-2025-0439,QUARTER_END,0.17,28,false
demofac00583,FAC-2025-0440,RELIABLE,0.16,7,false
demofac00584,FAC-2025-0441,OCCASIONAL,0.25,-6,false
demofac00585,FAC-2025-0442,CHRONIC,0.73,106,false
demofac00586,FAC-2025-0443,RELIABLE,0.16,-5,false
demofac00587,FAC-2025-0444,RELIABLE,0.16,3,false
demofac00588,FAC-2025-0445,RELIABLE,0.11,9,false
demofac00589,FAC-2025-0446,OCCASIONAL,0.25,-12,false
demofac00590,FAC-2025-0447,OCCASIONAL,0.25,3,false
demofac00591,FAC-2025-0448,CHRONIC,0.73,0,false
demofac00592,FAC-2025-0449,OCCASIONAL,0.25,-1,false
demofac00593,FAC-2025-0450,CHRONIC,0.73,-1,false
demofac00594,FAC-2025-0451,OCCASIONAL,0.4,1,false
demofac00595,FAC-2025-0452,RELIABLE,0.21,5,false
demofac00596,FAC-2025-0453,RELIABLE,0.16,6,false
demofac00597,FAC-2025-0454,RELIABLE,0.01,5,false
demofac00598,FAC-2025-0455,RELIABLE,0.11,-9,false
demofac00599,FAC-2025-0456,CHRONIC,0.73,4,false
demofac00600,FAC-2025-0457,OCCASIONAL,0.25,-5,false
demofac00601,FAC-2025-0458,OCCASIONAL,0.25,17,false
demofac00602,FAC-2025-0459,RELIABLE,0.01,-9,false
demofac00603,FAC-2025-0460,CHRONIC,0.83,44,false
demofac00604,FAC-2025-0461,CHRONIC,0.97,20,false
demofac00605,FAC-2025-0462,OCCASIONAL,0.25,-3,false
demofac00606,FAC-2025-0463,RELIABLE,0.11,-12,false
demofac00607,FAC-2025-0464,QUARTER_END,0.07,1,false
demofac00608,FAC-2025-0465,OCCASIONAL,0.25,-5,false
demofac00609,FAC-2025-0466,OCCASIONAL,0.25,6,false
demofac00610,FAC-2025-0467,RELIABLE,0.13,1,false
demofac00611,FAC-2025-0468,OCCASIONAL,0.25,3,false
demofac00612,FAC-2025-0469,RELIABLE,0.18,3,false
demofac00613,FAC-2025-0470,RELIABLE,0.06,-3,false
demofac00614,FAC-2025-0471,CHRONIC,0.97,48,false
demofac00615,FAC-2025-0472,RELIABLE,0.06,-4,false
demofac00616,FAC-2025-0473,RELIABLE,0.11,8,false
demofac00617,FAC-2025-0474,OCCASIONAL,0.25,-12,false
demofac00618,FAC-2025-0475,OCCASIONAL,0.45,29,false
demofac00619,FAC-2025-0476,RELIABLE,0.01,6,false
demofac00620,FAC-2025-0477,RELIABLE,0.01,-5,false
demofac00621,FAC-2025-0478,RELIABLE,0.11,-5,false
demofac00622,FAC-2025-0479,CHRONIC,0.73,,true
demofac00623,FAC-2025-0480,RELIABLE,0.06,-1,false
demofac00624,FAC-2025-0481,OCCASIONAL,0.5,18,false
demofac00625,FAC-2025-0482,OCCASIONAL,0.25,2,false
demofac00626,FAC-2025-0483,OCCASIONAL,0.35,53,false
demofac00627,FAC-2025-0484,CHRONIC,0.9,54,false
demofac00628,FAC-2025-0485,OCCASIONAL,0.35,0,false
demofac00629,FAC-2025-0486,CHRONIC,0.83,-7,false
demofac00630,FAC-2025-0487,CHRONIC,0.73,15,false
demofac00631,FAC-2025-0488,OCCASIONAL,0.3,4,false
demofac00632,FAC-2025-0489,RELIABLE,0.11,2,false
demofac00633,FAC-2025-0490,QUARTER_END,0.17,48,false
demofac00634,FAC-2025-0491,OCCASIONAL,0.35,6,false
demofac00635,FAC-2025-0492,RELIABLE,0.08,-8,false
demofac00636,FAC-2025-0493,RELIABLE,0.11,-9,false
demofac00637,FAC-2025-0494,RELIABLE,0.11,12,false
demofac00638,FAC-2025-0495,QUARTER_END,0.07,5,false
demofac00639,FAC-2025-0496,QUARTER_END,0.17,-3,false
demofac00640,FAC-2025-0497,RELIABLE,0.11,-4,false
demofac00641,FAC-2025-0498,RELIABLE,0.16,-10,false
demofac00642,FAC-2025-0499,CHRONIC,0.83,-5,false
demofac00643,FAC-2025-0500,OCCASIONAL,0.35,-1,false
demofac00644,FAC-2025-0501,OCCASIONAL,0.25,11,false
demofac00645,FAC-2025-0502,OCCASIONAL,0.35,11,false
demofac00646,FAC-2025-0503,CHRONIC,0.83,82,false
demofac00647,FAC-2025-0504,OCCASIONAL,0.35,20,false
demofac00648,FAC-2025-0505,OCCASIONAL,0.25,4,false
demofac00649,FAC-2025-0506,RELIABLE,0.11,2,false
demofac00650,FAC-2025-0507,QUARTER_END,0.24,-11,false
demofac00651,FAC-2025-0508,RELIABLE,0.11,0,false
demofac00652,FAC-2025-0509,CHRONIC,0.83,-11,false
demofac00653,FAC-2025-0510,OCCASIONAL,0.25,2,false
demofac00654,FAC-2025-0511,RELIABLE,0.08,-6,false
demofac00655,FAC-2025-0512,RELIABLE,0.11,2,false
demofac00656,FAC-2025-0513,CHRONIC,0.9,15,false
demofac00657,FAC-2025-0514,OCCASIONAL,0.4,-4,false
demofac00658,FAC-2025-0515,OCCASIONAL,0.35,15,false
demofac00659,FAC-2025-0516,RELIABLE,0.01,-7,false
demofac00660,FAC-2025-0517,CHRONIC,0.73,39,false
demofac00661,FAC-2025-0518,RELIABLE,0.16,5,false
demofac00662,FAC-2025-0519,OCCASIONAL,0.25,-7,false
demofac00663,FAC-2025-0520,CHRONIC,0.83,32,false
demofac00664,FAC-2025-0521,RELIABLE,0.18,-5,false
demofac00665,FAC-2025-0522,RELIABLE,0.26,-7,false
demofac00666,FAC-2025-0523,RELIABLE,0.11,-5,false
demofac00667,FAC-2025-0524,OCCASIONAL,0.4,9,false
demofac00668,FAC-2025-0525,RELIABLE,0.16,4,false
demofac00669,FAC-2025-0526,QUARTER_END,0.17,,false
demofac00670,FAC-2025-0527,OCCASIONAL,0.35,2,false
demofac00671,FAC-2025-0528,OCCASIONAL,0.42,-6,false
demofac00672,FAC-2025-0529,QUARTER_END,0.17,-12,false
demofac00673,FAC-2025-0530,OCCASIONAL,0.25,1,false
demofac00674,FAC-2025-0531,QUARTER_END,0.12,9,false
demofac00675,FAC-2025-0532,CHRONIC,0.83,-9,false
demofac00676,FAC-2025-0533,CHRONIC,0.83,31,false
demofac00677,FAC-2025-0534,RELIABLE,0.01,-6,false
demofac00678,FAC-2025-0535,RELIABLE,0.01,-1,false
demofac00679,FAC-2025-0536,RELIABLE,0.18,-10,false
demofac00680,FAC-2025-0537,RELIABLE,0.16,0,false
demofac00681,FAC-2025-0538,RELIABLE,0.11,5,false
demofac00682,FAC-2025-0539,RELIABLE,0.21,4,false
demofac00683,FAC-2025-0540,RELIABLE,0.36,2,false
demofac00684,FAC-2025-0541,OCCASIONAL,0.35,-1,false
demofac00685,FAC-2025-0542,QUARTER_END,0.8,,false
demofac00686,FAC-2025-0543,OCCASIONAL,0.35,2,false
demofac00687,FAC-2025-0544,RELIABLE,0.08,-7,false
demofac00688,FAC-2025-0545,RELIABLE,0.21,0,false
demofac00689,FAC-2025-0546,RELIABLE,0.01,6,false
demofac00690,FAC-2025-0547,RELIABLE,0.01,-7,false
demofac00691,FAC-2025-0548,RELIABLE,0.16,-8,false
demofac00692,FAC-2025-0549,QUARTER_END,0.7,14,false
demofac00693,FAC-2025-0550,RELIABLE,0.08,-7,false
demofac00694,FAC-2025-0551,OCCASIONAL,0.4,-6,false
demofac00695,FAC-2025-0552,CHRONIC,0.73,0,false
demofac00696,FAC-2025-0553,CHRONIC,0.88,14,false
demofac00697,FAC-2025-0554,RELIABLE,0.01,-5,false
demofac00698,FAC-2025-0555,QUARTER_END,0.9,28,false
demofac00699,FAC-2025-0556,CHRONIC,0.8,13,false
demofac00700,FAC-2025-0557,OCCASIONAL,0.25,7,false
demofac00701,FAC-2025-0558,QUARTER_END,0.75,13,false
demofac00702,FAC-2025-0559,CHRONIC,0.73,52,false
demofac00703,FAC-2025-0560,CHRONIC,0.73,-12,false
demofac00704,FAC-2025-0561,OCCASIONAL,0.5,3,false
demofac00705,FAC-2025-0562,RELIABLE,0.01,7,false
demofac00706,FAC-2025-0563,RELIABLE,0.21,-5,false
demofac00707,FAC-2025-0564,RELIABLE,0.36,19,false
demofac00708,FAC-2025-0565,RELIABLE,0.08,6,false
demofac00709,FAC-2025-0566,CHRONIC,0.88,106,false
demofac00710,FAC-2025-0567,OCCASIONAL,0.25,30,false
demofac00711,FAC-2025-0568,OCCASIONAL,0.25,-10,false
demofac00712,FAC-2025-0569,RELIABLE,0.01,-12,false
demofac00713,FAC-2025-0570,RELIABLE,0.06,6,false
demofac00714,FAC-2025-0571,CHRONIC,0.8,17,false
demofac00715,FAC-2025-0572,OCCASIONAL,0.3,2,false
demofac00716,FAC-2025-0573,OCCASIONAL,0.25,24,false
demofac00717,FAC-2025-0574,RELIABLE,0.08,4,false
demofac00718,FAC-2025-0575,RELIABLE,0.21,1,false
demofac00719,FAC-2025-0576,RELIABLE,0.06,-10,false
demofac00720,FAC-2025-0577,QUARTER_END,0.85,19,false
demofac00721,FAC-2025-0578,QUARTER_END,0.7,-11,false
demofac00722,FAC-2025-0579,RELIABLE,0.06,-4,false
demofac00723,FAC-2025-0580,RELIABLE,0.01,1,false
demofac00724,FAC-2025-0581,QUARTER_END,0.9,-3,false
demofac00725,FAC-2025-0582,RELIABLE,0.16,-8,false
demofac00726,FAC-2025-0583,RELIABLE,0.08,-10,false
demofac00727,FAC-2025-0584,OCCASIONAL,0.25,-1,false
demofac00728,FAC-2025-0585,OCCASIONAL,0.25,6,false
demofac00729,FAC-2025-0586,RELIABLE,0.16,5,false
demofac00730,FAC-2025-0587,CHRONIC,0.88,58,false
demofac00731,FAC-2025-0588,OCCASIONAL,0.25,-1,false
demofac00732,FAC-2025-0589,OCCASIONAL,0.37,35,false
demofac00733,FAC-2025-0590,OCCASIONAL,0.25,-4,false
demofac00734,FAC-2025-0591,OCCASIONAL,0.25,1,false
demofac00735,FAC-2025-0592,RELIABLE,0.01,8,false
demofac00736,FAC-2025-0593,RELIABLE,0.08,8,false
demofac00737,FAC-2025-0594,OCCASIONAL,0.25,-10,false
demofac00738,FAC-2026-0001,QUARTER_END,0.19,6,false
demofac00739,FAC-2026-0002,CHRONIC,0.73,-6,false
demofac00740,FAC-2026-0003,RELIABLE,0.01,5,false
demofac00741,FAC-2026-0004,OCCASIONAL,0.37,1,false
demofac00742,FAC-2026-0005,OCCASIONAL,0.25,0,false
demofac00743,FAC-2026-0006,OCCASIONAL,0.32,-4,false
demofac00744,FAC-2026-0007,RELIABLE,0.01,2,false
demofac00745,FAC-2026-0008,OCCASIONAL,0.32,2,false
demofac00746,FAC-2026-0009,RELIABLE,0.06,-11,false
demofac00747,FAC-2026-0010,OCCASIONAL,0.25,0,false
demofac00748,FAC-2026-0011,OCCASIONAL,0.25,13,false
demofac00749,FAC-2026-0012,OCCASIONAL,0.25,3,false
demofac00750,FAC-2026-0013,RELIABLE,0.31,-11,false
demofac00751,FAC-2026-0014,RELIABLE,0.01,7,false
demofac00752,FAC-2026-0015,OCCASIONAL,0.25,-2,false
demofac00753,FAC-2026-0016,OCCASIONAL,0.25,-2,false
demofac00754,FAC-2026-0017,RELIABLE,0.01,2,false
demofac00755,FAC-2026-0018,OCCASIONAL,0.35,5,false
demofac00756,FAC-2026-0019,CHRONIC,0.73,26,false
demofac00757,FAC-2026-0020,QUARTER_END,0.12,-12,false
demofac00758,FAC-2026-0021,OCCASIONAL,0.25,-1,false
demofac00759,FAC-2026-0022,OCCASIONAL,0.4,9,false
demofac00760,FAC-2026-0023,RELIABLE,0.01,6,false
demofac00761,FAC-2026-0024,OCCASIONAL,0.25,17,false
demofac00762,FAC-2026-0025,CHRONIC,0.73,77,false
demofac00763,FAC-2026-0026,RELIABLE,0.06,4,false
demofac00764,FAC-2026-0027,RELIABLE,0.06,3,false
demofac00765,FAC-2026-0028,QUARTER_END,0.22,-12,false
demofac00766,FAC-2026-0029,OCCASIONAL,0.25,5,false
demofac00767,FAC-2026-0030,RELIABLE,0.06,5,false
demofac00768,FAC-2026-0031,RELIABLE,0.08,7,false
demofac00769,FAC-2026-0032,CHRONIC,0.73,9,false
demofac00770,FAC-2026-0033,OCCASIONAL,0.25,6,false
demofac00771,FAC-2026-0034,OCCASIONAL,0.3,-7,false
demofac00772,FAC-2026-0035,OCCASIONAL,0.25,-3,false
demofac00773,FAC-2026-0036,OCCASIONAL,0.25,,false
demofac00774,FAC-2026-0037,OCCASIONAL,0.3,-10,false
demofac00775,FAC-2026-0038,RELIABLE,0.08,5,false
demofac00776,FAC-2026-0039,OCCASIONAL,0.25,4,false
demofac00777,FAC-2026-0040,OCCASIONAL,0.32,-4,false
demofac00778,FAC-2026-0041,RELIABLE,0.08,-7,false
demofac00779,FAC-2026-0042,RELIABLE,0.16,-3,false
demofac00780,FAC-2026-0043,RELIABLE,0.01,-12,false
demofac00781,FAC-2026-0044,OCCASIONAL,0.25,,false
demofac00782,FAC-2026-0045,RELIABLE,0.08,-8,false
demofac00783,FAC-2026-0046,CHRONIC,0.73,38,false
demofac00784,FAC-2026-0047,OCCASIONAL,0.25,-12,false
demofac00785,FAC-2026-0048,OCCASIONAL,0.3,-7,false
demofac00786,FAC-2026-0049,RELIABLE,0.26,0,false
demofac00787,FAC-2026-0050,CHRONIC,0.8,67,false
demofac00788,FAC-2026-0051,RELIABLE,0.08,-2,false
demofac00789,FAC-2026-0052,CHRONIC,0.73,26,false
demofac00790,FAC-2026-0053,RELIABLE,0.06,-11,false
demofac00791,FAC-2026-0054,RELIABLE,0.08,6,false
demofac00792,FAC-2026-0055,RELIABLE,0.11,-1,false
demofac00793,FAC-2026-0056,OCCASIONAL,0.25,5,false
demofac00794,FAC-2026-0057,QUARTER_END,0.22,-10,false
demofac00795,FAC-2026-0058,OCCASIONAL,0.25,4,false
demofac00796,FAC-2026-0059,OCCASIONAL,0.32,13,false
demofac00797,FAC-2026-0060,OCCASIONAL,0.25,-5,false
demofac00798,FAC-2026-0061,OCCASIONAL,0.25,6,false
demofac00799,FAC-2026-0062,QUARTER_END,0.07,-9,false
demofac00800,FAC-2026-0063,CHRONIC,0.73,59,false
demofac00801,FAC-2026-0064,QUARTER_END,0.17,2,false
demofac00802,FAC-2026-0065,RELIABLE,0.01,,false
demofac00803,FAC-2026-0066,CHRONIC,0.73,-9,false
demofac00804,FAC-2026-0067,RELIABLE,0.06,1,false
demofac00805,FAC-2026-0068,CHRONIC,0.73,9,false
demofac00806,FAC-2026-0069,OCCASIONAL,0.25,6,false
demofac00807,FAC-2026-0070,RELIABLE,0.11,7,false
demofac00808,FAC-2026-0071,RELIABLE,0.13,-5,false
demofac00809,FAC-2026-0072,OCCASIONAL,0.32,9,false
demofac00810,FAC-2026-0073,QUARTER_END,0.22,,false
demofac00811,FAC-2026-0074,OCCASIONAL,0.25,21,false
demofac00812,FAC-2026-0075,QUARTER_END,0.12,24,false
demofac00813,FAC-2026-0076,RELIABLE,0.01,-4,false
demofac00814,FAC-2026-0077,CHRONIC,0.8,18,false
demofac00815,FAC-2026-0078,RELIABLE,0.01,0,false
demofac00816,FAC-2026-0079,RELIABLE,0.01,-2,false
demofac00817,FAC-2026-0080,RELIABLE,0.01,-8,false
demofac00818,FAC-2026-0081,CHRONIC,0.73,63,false
demofac00819,FAC-2026-0082,RELIABLE,0.11,-1,false
demofac00820,FAC-2026-0083,OCCASIONAL,0.32,33,false
demofac00821,FAC-2026-0084,RELIABLE,0.01,,false
demofac00822,FAC-2026-0085,RELIABLE,0.01,-12,false
demofac00823,FAC-2026-0086,OCCASIONAL,0.25,21,false
demofac00824,FAC-2026-0087,RELIABLE,0.08,-8,false
demofac00825,FAC-2026-0088,RELIABLE,0.01,4,false
demofac00826,FAC-2026-0089,CHRONIC,0.73,33,false
demofac00827,FAC-2026-0090,OCCASIONAL,0.4,-12,false
demofac00828,FAC-2026-0091,RELIABLE,0.01,-5,false
demofac00829,FAC-2026-0092,RELIABLE,0.08,-12,false
demofac00830,FAC-2026-0093,RELIABLE,0.06,5,false
demofac00831,FAC-2026-0094,OCCASIONAL,0.32,-10,false
demofac00832,FAC-2026-0095,RELIABLE,0.01,-6,false
demofac00833,FAC-2026-0096,OCCASIONAL,0.25,16,false
demofac00834,FAC-2026-0097,QUARTER_END,0.07,-4,false
demofac00835,FAC-2026-0098,RELIABLE,0.16,-3,false
demofac00836,FAC-2026-0099,RELIABLE,0.16,7,false
demofac00837,FAC-2026-0100,OCCASIONAL,0.4,3,false
demofac00838,FAC-2026-0101,OCCASIONAL,0.25,7,false
demofac00839,FAC-2026-0102,QUARTER_END,0.12,0,false
demofac00840,FAC-2026-0103,OCCASIONAL,0.25,-7,false
demofac00841,FAC-2026-0104,OCCASIONAL,0.25,-10,false
demofac00842,FAC-2026-0105,RELIABLE,0.08,6,false
demofac00843,FAC-2026-0106,RELIABLE,0.06,-4,false
demofac00844,FAC-2026-0107,OCCASIONAL,0.4,1,false
demofac00845,FAC-2026-0108,RELIABLE,0.06,1,false
demofac00846,FAC-2026-0109,QUARTER_END,0.82,33,false
demofac00847,FAC-2026-0110,OCCASIONAL,0.25,-5,false
demofac00848,FAC-2026-0111,RELIABLE,0.01,-1,false
demofac00849,FAC-2026-0112,QUARTER_END,0.85,23,false
demofac00850,FAC-2026-0113,RELIABLE,0.01,-10,false
demofac00851,FAC-2026-0114,OCCASIONAL,0.25,-10,false
demofac00852,FAC-2026-0115,RELIABLE,0.06,-7,false
demofac00853,FAC-2026-0116,CHRONIC,0.73,-1,false
demofac00854,FAC-2026-0117,RELIABLE,0.08,6,false
demofac00855,FAC-2026-0118,RELIABLE,0.01,6,false
demofac00856,FAC-2026-0119,RELIABLE,0.16,4,false
demofac00857,FAC-2026-0120,RELIABLE,0.01,-12,false
demofac00858,FAC-2026-0121,RELIABLE,0.01,-2,false
demofac00859,FAC-2026-0122,OCCASIONAL,0.25,9,false
demofac00860,FAC-2026-0123,RELIABLE,0.13,-6,false
demofac00861,FAC-2026-0124,RELIABLE,0.11,-8,false
demofac00862,FAC-2026-0125,CHRONIC,0.8,28,false
demofac00863,FAC-2026-0126,CHRONIC,0.73,23,false
demofac00864,FAC-2026-0127,OCCASIONAL,0.25,22,false
demofac00865,FAC-2026-0128,CHRONIC,0.73,14,false
demofac00866,FAC-2026-0129,CHRONIC,0.8,56,false
demofac00867,FAC-2026-0130,RELIABLE,0.01,2,false
demofac00868,FAC-2026-0131,CHRONIC,0.8,49,false
demofac00869,FAC-2026-0132,QUARTER_END,0.8,33,false
demofac00870,FAC-2026-0133,RELIABLE,0.11,-3,false
demofac00871,FAC-2026-0134,OCCASIONAL,0.32,14,false
demofac00872,FAC-2026-0135,RELIABLE,0.11,-12,false
demofac00873,FAC-2026-0136,RELIABLE,0.01,-2,false
demofac00874,FAC-2026-0137,RELIABLE,0.08,2,false
demofac00875,FAC-2026-0138,OCCASIONAL,0.4,0,false
demofac00876,FAC-2026-0139,CHRONIC,0.73,7,false
demofac00877,FAC-2026-0140,RELIABLE,0.01,-8,false
demofac00878,FAC-2026-0141,RELIABLE,0.01,-3,false
demofac00879,FAC-2026-0142,OCCASIONAL,0.37,2,false
demofac00880,FAC-2026-0143,RELIABLE,0.16,-1,false
demofac00881,FAC-2026-0144,OCCASIONAL,0.25,17,false
demofac00882,FAC-2026-0145,RELIABLE,0.01,6,false
demofac00883,FAC-2026-0146,RELIABLE,0.01,0,false
demofac00884,FAC-2026-0147,CHRONIC,0.73,8,false
demofac00885,FAC-2026-0148,OCCASIONAL,0.25,-1,false
demofac00886,FAC-2026-0149,CHRONIC,0.88,80,false
demofac00887,FAC-2026-0150,RELIABLE,0.01,6,false
demofac00888,FAC-2026-0151,RELIABLE,0.01,3,false
demofac00889,FAC-2026-0152,RELIABLE,0.18,6,false
demofac00890,FAC-2026-0153,CHRONIC,0.73,-2,false
demofac00891,FAC-2026-0154,OCCASIONAL,0.37,48,false
demofac00892,FAC-2026-0155,CHRONIC,0.73,11,false
demofac00893,FAC-2026-0156,OCCASIONAL,0.32,14,false
demofac00894,FAC-2026-0157,RELIABLE,0.01,-11,false
demofac00895,FAC-2026-0158,RELIABLE,0.01,-11,false
demofac00896,FAC-2026-0159,RELIABLE,0.11,4,false
demofac00897,FAC-2026-0160,RELIABLE,0.06,-7,false
demofac00898,FAC-2026-0161,OCCASIONAL,0.3,-12,false
demofac00899,FAC-2026-0162,QUARTER_END,0.19,-10,false
demofac00900,FAC-2026-0163,RELIABLE,0.11,0,false
demofac00901,FAC-2026-0164,OCCASIONAL,0.25,12,false
demofac00902,FAC-2026-0165,OCCASIONAL,0.25,-5,false
demofac00903,FAC-2026-0166,QUARTER_END,0.07,-3,false
demofac00904,FAC-2026-0167,RELIABLE,0.08,-9,false
demofac00905,FAC-2026-0168,OCCASIONAL,0.25,6,false
demofac00906,FAC-2026-0169,RELIABLE,0.08,7,false
demofac00907,FAC-2026-0170,RELIABLE,0.01,2,false
demofac00908,FAC-2026-0171,RELIABLE,0.21,-5,false
demofac00909,FAC-2026-0172,RELIABLE,0.01,3,false
demofac00910,FAC-2026-0173,OCCASIONAL,0.32,-4,false
demofac00911,FAC-2026-0174,QUARTER_END,0.14,7,false
demofac00912,FAC-2026-0175,CHRONIC,0.73,5,false
demofac00913,FAC-2026-0176,CHRONIC,0.73,19,false
demofac00914,FAC-2026-0177,OCCASIONAL,0.45,3,false
demofac00915,FAC-2026-0178,RELIABLE,0.01,-10,false
demofac00916,FAC-2026-0179,RELIABLE,0.01,-11,false
demofac00917,FAC-2026-0180,RELIABLE,0.26,-5,false
demofac00918,FAC-2026-0181,CHRONIC,0.73,32,false
demofac00919,FAC-2026-0182,OCCASIONAL,0.25,-7,false
demofac00920,FAC-2026-0183,RELIABLE,0.01,-6,false
demofac00921,FAC-2026-0184,RELIABLE,0.11,5,false
demofac00922,FAC-2026-0185,OCCASIONAL,0.32,-11,false
demofac00923,FAC-2026-0186,OCCASIONAL,0.25,4,false
demofac00924,FAC-2026-0187,NEW_RISKY,0.62,-8,false
demofac00925,FAC-2026-0188,RELIABLE,0.01,-3,false
demofac00926,FAC-2026-0189,RELIABLE,0.01,-2,false
demofac00927,FAC-2026-0190,CHRONIC,0.73,-10,false
demofac00928,FAC-2026-0191,RELIABLE,0.06,-5,false
demofac00929,FAC-2026-0192,QUARTER_END,0.19,-6,false
demofac00930,FAC-2026-0193,CHRONIC,0.73,,false
demofac00931,FAC-2026-0194,RELIABLE,0.01,5,false
demofac00932,FAC-2026-0195,NEW_RISKY,0.55,49,false
demofac00933,FAC-2026-0196,OCCASIONAL,0.25,7,false
demofac00934,FAC-2026-0197,CHRONIC,0.73,-10,false
demofac00935,FAC-2026-0198,RELIABLE,0.16,-12,false
demofac00936,FAC-2026-0199,RELIABLE,0.06,7,false
demofac00937,FAC-2026-0200,RELIABLE,0.01,,false
demofac00938,FAC-2026-0201,RELIABLE,0.01,5,false
demofac00939,FAC-2026-0202,RELIABLE,0.01,1,false
demofac00940,FAC-2026-0203,OCCASIONAL,0.25,-1,false
demofac00941,FAC-2026-0204,OCCASIONAL,0.25,34,false
demofac00942,FAC-2026-0205,CHRONIC,0.73,,true
demofac00943,FAC-2026-0206,RELIABLE,0.01,3,false
demofac00944,FAC-2026-0207,RELIABLE,0.16,-10,false
demofac00945,FAC-2026-0208,OCCASIONAL,0.4,4,false
demofac00946,FAC-2026-0209,OCCASIONAL,0.25,,false
demofac00947,FAC-2026-0210,RELIABLE,0.01,-1,false
demofac00948,FAC-2026-0211,CHRONIC,0.73,63,false
demofac00949,FAC-2026-0212,OCCASIONAL,0.25,-3,false
demofac00950,FAC-2026-0213,NEW_RISKY,0.55,4,false
demofac00951,FAC-2026-0214,RELIABLE,0.08,6,false
demofac00952,FAC-2026-0215,NEW_RISKY,0.55,42,false
demofac00953,FAC-2026-0216,QUARTER_END,0.22,-5,false
demofac00954,FAC-2026-0217,QUARTER_END,0.14,-5,false
demofac00955,FAC-2026-0218,RELIABLE,0.01,-11,false
demofac00956,FAC-2026-0219,QUARTER_END,0.07,-5,false
demofac00957,FAC-2026-0220,OCCASIONAL,0.35,-8,false
demofac00958,FAC-2026-0221,QUARTER_END,0.07,,false
demofac00959,FAC-2026-0222,OCCASIONAL,0.32,5,false
demofac00960,FAC-2026-0223,RELIABLE,0.01,-5,false
demofac00961,FAC-2026-0224,RELIABLE,0.01,-11,false
demofac00962,FAC-2026-0225,RELIABLE,0.11,14,false
demofac00963,FAC-2026-0226,RELIABLE,0.16,-5,false
demofac00964,FAC-2026-0227,RELIABLE,0.08,5,false
demofac00965,FAC-2026-0228,RELIABLE,0.01,-8,false
demofac00966,FAC-2026-0229,CHRONIC,0.88,46,false
demofac00967,FAC-2026-0230,CHRONIC,0.73,15,false
demofac00968,FAC-2026-0231,CHRONIC,0.8,29,false
demofac00969,FAC-2026-0232,RELIABLE,0.01,1,false
demofac00970,FAC-2026-0233,RELIABLE,0.01,-9,false
demofac00971,FAC-2026-0234,RELIABLE,0.01,-8,false
demofac00972,FAC-2026-0235,QUARTER_END,0.12,5,false
demofac00973,FAC-2026-0236,CHRONIC,0.73,-11,false
demofac00974,FAC-2026-0237,OCCASIONAL,0.3,9,false
demofac00975,FAC-2026-0238,RELIABLE,0.01,2,false
demofac00976,FAC-2026-0239,RELIABLE,0.01,6,false
demofac00977,FAC-2026-0240,RELIABLE,0.16,-8,false
demofac00978,FAC-2026-0241,RELIABLE,0.01,-10,false
demofac00979,FAC-2026-0242,RELIABLE,0.01,-9,false
demofac00980,FAC-2026-0243,OCCASIONAL,0.4,10,false
demofac00981,FAC-2026-0244,CHRONIC,0.73,12,false
demofac00982,FAC-2026-0245,OCCASIONAL,0.25,-6,false
demofac00983,FAC-2026-0246,OCCASIONAL,0.25,6,false
demofac00984,FAC-2026-0247,NEW_RISKY,0.55,-12,false
demofac00985,FAC-2026-0248,NEW_RISKY,0.55,75,false
demofac00986,FAC-2026-0249,QUARTER_END,0.07,-12,false
demofac00987,FAC-2026-0250,RELIABLE,0.01,0,false
demofac00988,FAC-2026-0251,RELIABLE,0.11,-8,false
demofac00989,FAC-2026-0252,NEW_RISKY,0.55,14,false
demofac00990,FAC-2026-0253,CHRONIC,0.73,4,false
demofac00991,FAC-2026-0254,QUARTER_END,0.32,4,false
demofac00992,FAC-2026-0255,OCCASIONAL,0.35,24,false
demofac00993,FAC-2026-0256,RELIABLE,0.08,-11,false
demofac00994,FAC-2026-0257,NEW_RISKY,0.55,16,false
demofac00995,FAC-2026-0258,RELIABLE,0.11,-7,false
demofac00996,FAC-2026-0259,RELIABLE,0.01,-12,false
demofac00997,FAC-2026-0260,OCCASIONAL,0.32,-11,false
demofac00998,FAC-2026-0261,RELIABLE,0.01,-7,false
demofac00999,FAC-2026-0262,OCCASIONAL,0.25,7,false
demofac01000,FAC-2026-0263,RELIABLE,0.01,-8,false
demofac01001,FAC-2026-0264,RELIABLE,0.18,6,false
demofac01002,FAC-2026-0265,OCCASIONAL,0.25,5,false
demofac01003,FAC-2026-0266,OCCASIONAL,0.25,-9,false
demofac01004,FAC-2026-0267,RELIABLE,0.01,,false
demofac01005,FAC-2026-0268,RELIABLE,0.01,2,false
demofac01006,FAC-2026-0269,RELIABLE,0.16,-3,false
demofac01007,FAC-2026-0270,RELIABLE,0.11,,false
demofac01008,FAC-2026-0271,QUARTER_END,0.22,30,false
demofac01009,FAC-2026-0272,RELIABLE,0.16,-7,false
demofac01010,FAC-2026-0273,RELIABLE,0.01,-7,false
demofac01011,FAC-2026-0274,OCCASIONAL,0.25,15,false
demofac01012,FAC-2026-0275,RELIABLE,0.01,3,false
demofac01013,FAC-2026-0276,CHRONIC,0.73,15,false
demofac01014,FAC-2026-0277,OCCASIONAL,0.25,-6,false
demofac01015,FAC-2026-0278,RELIABLE,0.16,-1,false
demofac01016,FAC-2026-0279,RELIABLE,0.01,-7,false
demofac01017,FAC-2026-0280,RELIABLE,0.01,2,false
demofac01018,FAC-2026-0281,RELIABLE,0.01,-12,false
demofac01019,FAC-2026-0282,CHRONIC,0.73,51,false
demofac01020,FAC-2026-0283,QUARTER_END,0.7,169,false
demofac01021,FAC-2026-0284,RELIABLE,0.01,-12,false
demofac01022,FAC-2026-0285,RELIABLE,0.01,-1,false
demofac01023,FAC-2026-0286,RELIABLE,0.08,7,false
demofac01024,FAC-2026-0287,OCCASIONAL,0.25,,false
demofac01025,FAC-2026-0288,RELIABLE,0.01,-3,false
demofac01026,FAC-2026-0289,QUARTER_END,0.85,-4,false
demofac01027,FAC-2026-0290,OCCASIONAL,0.25,4,false
demofac01028,FAC-2026-0291,OCCASIONAL,0.32,10,false
demofac01029,FAC-2026-0292,NEW_RISKY,0.62,,true
demofac01030,FAC-2026-0293,CHRONIC,0.83,36,false
demofac01031,FAC-2026-0294,RELIABLE,0.01,-5,false
demofac01032,FAC-2026-0295,OCCASIONAL,0.25,1,false
demofac01033,FAC-2026-0296,OCCASIONAL,0.35,-11,false
demofac01034,FAC-2026-0297,OCCASIONAL,0.25,6,false
demofac01035,FAC-2026-0298,RELIABLE,0.01,-1,false
demofac01036,FAC-2026-0299,CHRONIC,0.97,13,false
demofac01037,FAC-2026-0300,RELIABLE,0.11,-5,false
demofac01038,FAC-2026-0301,OCCASIONAL,0.25,-2,false
demofac01039,FAC-2026-0302,NEW_RISKY,0.55,138,false
demofac01040,FAC-2026-0303,RELIABLE,0.18,-5,false
demofac01041,FAC-2026-0304,QUARTER_END,0.7,-4,false
demofac01042,FAC-2026-0305,NEW_RISKY,0.7,57,false
demofac01043,FAC-2026-0306,CHRONIC,0.73,36,false
demofac01044,FAC-2026-0307,RELIABLE,0.01,-7,false
demofac01045,FAC-2026-0308,RELIABLE,0.06,-9,false
demofac01046,FAC-2026-0309,CHRONIC,0.83,-10,false
demofac01047,FAC-2026-0310,OCCASIONAL,0.4,-12,false
demofac01048,FAC-2026-0311,RELIABLE,0.08,25,false
demofac01049,FAC-2026-0312,OCCASIONAL,0.3,-11,false
demofac01050,FAC-2026-0313,OCCASIONAL,0.25,-11,false
demofac01051,FAC-2026-0314,QUARTER_END,0.7,-7,false
demofac01052,FAC-2026-0315,OCCASIONAL,0.25,,true
demofac01053,FAC-2026-0316,RELIABLE,0.11,-8,false
demofac01054,FAC-2026-0317,OCCASIONAL,0.4,-2,false
demofac01055,FAC-2026-0318,CHRONIC,0.83,183,false
demofac01056,FAC-2026-0319,OCCASIONAL,0.25,6,false
demofac01057,FAC-2026-0320,CHRONIC,0.73,21,false
demofac01058,FAC-2026-0321,QUARTER_END,0.8,0,false
demofac01059,FAC-2026-0322,OCCASIONAL,0.35,-7,false
demofac01060,FAC-2026-0323,RELIABLE,0.06,-3,false
demofac01061,FAC-2026-0324,RELIABLE,0.13,-6,false
demofac01062,FAC-2026-0325,QUARTER_END,0.7,18,false
demofac01063,FAC-2026-0326,NEW_RISKY,0.55,25,false
demofac01064,FAC-2026-0327,OCCASIONAL,0.25,5,false
demofac01065,FAC-2026-0328,RELIABLE,0.11,8,false
demofac01066,FAC-2026-0329,RELIABLE,0.11,6,false
demofac01067,FAC-2026-0330,RELIABLE,0.11,-10,false
demofac01068,FAC-2026-0331,RELIABLE,0.01,-8,false
demofac01069,FAC-2026-0332,OCCASIONAL,0.3,-7,false
demofac01070,FAC-2026-0333,RELIABLE,0.11,7,false
demofac01071,FAC-2026-0334,OCCASIONAL,0.5,10,false
demofac01072,FAC-2026-0335,OCCASIONAL,0.32,-2,false
demofac01073,FAC-2026-0336,RELIABLE,0.01,-5,false
demofac01074,FAC-2026-0337,RELIABLE,0.18,0,false
demofac01075,FAC-2026-0338,CHRONIC,0.73,13,false
demofac01076,FAC-2026-0339,OCCASIONAL,0.25,-6,false
demofac01077,FAC-2026-0340,OCCASIONAL,0.35,-1,false
demofac01078,FAC-2026-0341,CHRONIC,0.73,72,false
demofac01079,FAC-2026-0342,RELIABLE,0.13,-12,false
demofac01080,FAC-2026-0343,OCCASIONAL,0.25,-1,false
demofac01081,FAC-2026-0344,RELIABLE,0.11,-5,false
demofac01082,FAC-2026-0345,RELIABLE,0.11,3,false
demofac01083,FAC-2026-0346,OCCASIONAL,0.35,17,false
demofac01084,FAC-2026-0347,RELIABLE,0.16,7,false
demofac01085,FAC-2026-0348,RELIABLE,0.11,-12,false
demofac01086,FAC-2026-0349,RELIABLE,0.08,-8,false
demofac01087,FAC-2026-0350,RELIABLE,0.06,-1,false
demofac01088,FAC-2026-0351,OCCASIONAL,0.35,6,false
demofac01089,FAC-2026-0352,OCCASIONAL,0.25,2,false
demofac01090,FAC-2026-0353,OCCASIONAL,0.35,-2,false
demofac01091,FAC-2026-0354,OCCASIONAL,0.35,-11,false
demofac01092,FAC-2026-0355,RELIABLE,0.11,-12,false
demofac01093,FAC-2026-0356,NEW_RISKY,0.62,16,false
demofac01094,FAC-2026-0357,OCCASIONAL,0.35,-6,false
demofac01095,FAC-2026-0358,CHRONIC,0.83,35,false
demofac01096,FAC-2026-0359,RELIABLE,0.11,-6,false
demofac01097,FAC-2026-0360,RELIABLE,0.11,2,false
demofac01098,FAC-2026-0361,OCCASIONAL,0.3,5,false
demofac01099,FAC-2026-0362,OCCASIONAL,0.35,,false
demofac01100,FAC-2026-0363,RELIABLE,0.11,-9,false
demofac01101,FAC-2026-0364,RELIABLE,0.11,0,false
demofac01102,FAC-2026-0365,RELIABLE,0.11,-3,false
demofac01103,FAC-2026-0366,OCCASIONAL,0.35,-9,false
demofac01104,FAC-2026-0367,OCCASIONAL,0.42,-7,false
demofac01105,FAC-2026-0368,RELIABLE,0.11,-12,false
demofac01106,FAC-2026-0369,RELIABLE,0.26,-3,false
demofac01107,FAC-2026-0370,OCCASIONAL,0.35,3,false
demofac01108,FAC-2026-0371,RELIABLE,0.01,-2,false
demofac01109,FAC-2026-0372,CHRONIC,0.83,-2,false
demofac01110,FAC-2026-0373,CHRONIC,0.9,21,false
demofac01111,FAC-2026-0374,RELIABLE,0.01,4,false
demofac01112,FAC-2026-0375,RELIABLE,0.18,0,false
demofac01113,FAC-2026-0376,CHRONIC,0.83,13,false
demofac01114,FAC-2026-0377,RELIABLE,0.11,-5,false
demofac01115,FAC-2026-0378,RELIABLE,0.16,-1,false
demofac01116,FAC-2026-0379,CHRONIC,0.83,25,false
demofac01117,FAC-2026-0380,RELIABLE,0.16,-10,false
demofac01118,FAC-2026-0381,QUARTER_END,0.17,-7,false
demofac01119,FAC-2026-0382,OCCASIONAL,0.35,2,false
demofac01120,FAC-2026-0383,CHRONIC,0.83,16,false
demofac01121,FAC-2026-0384,OCCASIONAL,0.25,13,false
demofac01122,FAC-2026-0385,RELIABLE,0.01,6,false
demofac01123,FAC-2026-0386,OCCASIONAL,0.42,-3,false
demofac01124,FAC-2026-0387,OCCASIONAL,0.5,-4,false
demofac01125,FAC-2026-0388,CHRONIC,0.73,98,false
demofac01126,FAC-2026-0389,RELIABLE,0.01,-9,false
demofac01127,FAC-2026-0390,RELIABLE,0.11,16,false
demofac01128,FAC-2026-0391,RELIABLE,0.11,-5,false
demofac01129,FAC-2026-0392,CHRONIC,0.73,43,false
demofac01130,FAC-2026-0393,QUARTER_END,0.17,-6,false
demofac01131,FAC-2026-0394,RELIABLE,0.01,4,false
demofac01132,FAC-2026-0395,RELIABLE,0.01,-4,false
demofac01133,FAC-2026-0396,OCCASIONAL,0.25,,true
demofac01134,FAC-2026-0397,OCCASIONAL,0.25,-6,false
demofac01135,FAC-2026-0398,RELIABLE,0.08,4,false
demofac01136,FAC-2026-0399,QUARTER_END,0.12,1,false
demofac01137,FAC-2026-0400,RELIABLE,0.01,-12,false
demofac01138,FAC-2026-0401,RELIABLE,0.08,-10,false
demofac01139,FAC-2026-0402,OCCASIONAL,0.25,4,false
demofac01140,FAC-2026-0403,OCCASIONAL,0.25,15,false
demofac01141,FAC-2026-0404,OCCASIONAL,0.25,4,false
demofac01142,FAC-2026-0405,QUARTER_END,0.07,1,false
demofac01143,FAC-2026-0406,OCCASIONAL,0.4,38,false
demofac01144,FAC-2026-0407,RELIABLE,0.01,-1,false
demofac01145,FAC-2026-0408,OCCASIONAL,0.25,4,false
demofac01146,FAC-2026-0409,RELIABLE,0.28,6,false
demofac01147,FAC-2026-0410,RELIABLE,0.08,-2,false
demofac01148,FAC-2026-0411,OCCASIONAL,0.25,0,false
demofac01149,FAC-2026-0412,CHRONIC,0.73,44,false
demofac01150,FAC-2026-0413,OCCASIONAL,0.4,11,false
demofac01151,FAC-2026-0414,OCCASIONAL,0.32,-9,false
demofac01152,FAC-2026-0415,RELIABLE,0.08,-2,false
demofac01153,FAC-2026-0416,OCCASIONAL,0.25,4,false
demofac01154,FAC-2026-0417,OCCASIONAL,0.3,17,false
demofac01155,FAC-2026-0418,OCCASIONAL,0.25,-3,false
demofac01156,FAC-2026-0419,RELIABLE,0.13,5,false
demofac01157,FAC-2026-0420,OCCASIONAL,0.4,,true
demofac01158,FAC-2026-0421,OCCASIONAL,0.25,-8,false
demofac01159,FAC-2026-0422,OCCASIONAL,0.3,-12,false
demofac01160,FAC-2026-0423,OCCASIONAL,0.25,9,false
demofac01161,FAC-2026-0424,OCCASIONAL,0.32,12,false
demofac01162,FAC-2026-0425,RELIABLE,0.08,-3,false
demofac01163,FAC-2026-0426,OCCASIONAL,0.45,-9,false
demofac01164,FAC-2026-0427,RELIABLE,0.01,-3,false
demofac01165,FAC-2026-0428,OCCASIONAL,0.25,11,false
demofac01166,FAC-2026-0429,RELIABLE,0.21,-3,false
demofac01167,FAC-2026-0430,RELIABLE,0.01,0,false
demofac01168,FAC-2026-0431,OCCASIONAL,0.25,-6,false
demofac01169,FAC-2026-0432,CHRONIC,0.73,24,false
demofac01170,FAC-2026-0433,NEW_RISKY,0.55,,true
demofac01171,FAC-2026-0434,CHRONIC,0.73,-7,false
demofac01172,FAC-2026-0435,NEW_RISKY,0.55,,true
demofac01173,FAC-2026-0436,RELIABLE,0.01,-12,false
demofac01174,FAC-2026-0437,RELIABLE,0.11,2,false
demofac01175,FAC-2026-0438,RELIABLE,0.16,-5,false
demofac01176,FAC-2026-0439,RELIABLE,0.01,-12,false
demofac01177,FAC-2026-0440,RELIABLE,0.13,-10,false
demofac01178,FAC-2026-0441,OCCASIONAL,0.25,5,false
demofac01179,FAC-2026-0442,CHRONIC,0.73,0,false
demofac01180,FAC-2026-0443,CHRONIC,0.73,20,false
demofac01181,FAC-2026-0444,OCCASIONAL,0.25,20,false
demofac01182,FAC-2026-0445,CHRONIC,0.73,44,false
demofac01183,FAC-2026-0446,RELIABLE,0.01,1,false
demofac01184,FAC-2026-0447,CHRONIC,0.88,45,false
demofac01185,FAC-2026-0448,QUARTER_END,0.7,37,false
demofac01186,FAC-2026-0449,RELIABLE,0.11,-2,false
demofac01187,FAC-2026-0450,CHRONIC,0.73,13,false
demofac01188,FAC-2026-0451,OCCASIONAL,0.25,-7,false
demofac01189,FAC-2026-0452,OCCASIONAL,0.4,5,false
demofac01190,FAC-2026-0453,OCCASIONAL,0.25,-9,false
demofac01191,FAC-2026-0454,CHRONIC,0.73,52,false
demofac01192,FAC-2026-0455,RELIABLE,0.01,-6,false
demofac01193,FAC-2026-0456,RELIABLE,0.11,-4,false
demofac01194,FAC-2026-0457,RELIABLE,0.08,0,false
demofac01195,FAC-2026-0458,OCCASIONAL,0.25,13,false
demofac01196,FAC-2026-0459,RELIABLE,0.16,-4,false
demofac01197,FAC-2026-0460,RELIABLE,0.16,25,false
demofac01198,FAC-2026-0461,RELIABLE,0.01,1,false
demofac01199,FAC-2026-0462,QUARTER_END,0.8,-7,false
demofac01200,FAC-2026-0463,RELIABLE,0.18,9,false
demofac01201,FAC-2026-0464,RELIABLE,0.18,-4,false
demofac01202,FAC-2026-0465,RELIABLE,0.11,4,false
demofac01203,FAC-2026-0466,NEW_RISKY,0.55,7,false
demofac01204,FAC-2026-0467,CHRONIC,0.88,,false
demofac01205,FAC-2026-0468,CHRONIC,0.88,24,false
demofac01206,FAC-2026-0469,RELIABLE,0.06,-5,false
demofac01207,FAC-2026-0470,OCCASIONAL,0.3,,false
demofac01208,FAC-2026-0471,CHRONIC,0.8,,false
demofac01209,FAC-2026-0472,QUARTER_END,0.8,,false
demofac01210,FAC-2026-0473,NEW_RISKY,0.55,50,false
